,row,genotype,location,Anthesis,Silk,Days to Anthesis,Days to Silk,Anthesis GDD,Silking GDD
1,TB17  589,b125x  b015,Genetics,7/19/2017,7/20/2017,63,64,3905.55,3977
2,TB17  590,b169 x  b154,Genetics,7/21/2017,7/22/2017,65,66,4049.05,4121.95
3,TB17  591,b107 x  b065,Genetics,7/23/2017,7/22/2017,67,66,4195.3,4121.95
4,TB17  592,b189 x  b125,Genetics,7/27/2017,7/27/2017,71,71,4479.3,4479.3
5,TB17  593,PHZ51,Genetics,NA,NA,NA,NA,NA,NA
6,TB17  594,b169 x  b111,Genetics,7/22/2017,7/22/2017,66,66,4121.95,4121.95
7,TB17  595,b175 x  b144,Genetics,7/19/2017,7/19/2017,63,63,3905.55,3905.55
8,TB17  596,b111x  B73,Genetics,7/24/2017,7/26/2017,68,70,4269.2,4409.65
9,TB17  597  ,PHZ51,Genetics,NA,NA,NA,NA,NA,NA
10,TB17  598,b125x  b004,Genetics,7/21/2017,7/22/2017,65,66,4049.05,4121.95
11,TB17  599,b144 x  b057,Genetics,7/27/2017,7/27/2017,71,71,4479.3,4479.3
12,TB17  600,b111 x  b057,Genetics,NA,NA,NA,NA,NA,NA
13,TB17  601,b154x  b004,Genetics,7/25/2017,7/27/2017,69,71,4339.55,4479.3
14,TB17  602,b102 x  b065,Genetics,7/25/2017,7/25/2017,69,69,4339.55,4339.55
15,TB17  603,b189 x  b111,Genetics,7/24/2017,7/24/2017,68,68,4269.2,4269.2
16,TB17  604,B73v4,Genetics,7/21/2017,7/22/2017,65,66,4049.05,4121.95
17,TB17  605,b175x  b015,Genetics,7/19/2017,7/21/2017,63,65,3905.55,4049.05
18,TB17  606,PHZ51,Genetics,NA,NA,NA,NA,NA,NA
19,TB17  607 , b154 x  b125,Genetics,7/20/2017,7/22/2017,64,66,3977,4121.95
20,TB17  608,b049x  B73,Genetics,7/25/2017,7/22/2017,69,66,4339.55,4121.95
21,TB17  609,b015x  B73,Genetics,7/23/2017,7/24/2017,67,68,4195.3,4269.2
22,TB17  610,b078 x  b049,Genetics,7/21/2017,7/21/2017,65,65,4049.05,4049.05
23,TB17  611,b131 x  b057,Genetics,7/21/2017,7/22/2017,65,66,4049.05,4121.95
24,TB17  612,b189 x  b131,Genetics,7/21/2017,7/22/2017,65,66,4049.05,4121.95
25,TB17  613,PHZ51,Genetics,NA,NA,NA,NA,NA,NA
26,TB17  614,b175x  B73,Genetics,7/20/2017,7/21/2017,64,65,3977,4049.05
27,TB17  615,b189 x  B73,Genetics,NA,NA,NA,NA,NA,NA
28,TB17  616,b107x  B73,Genetics,7/23/2017,7/22/2017,67,66,4195.3,4121.95
29,TB17  617  ,b189 x  b049,Genetics,7/19/2017,7/20/2017,63,64,3905.55,3977
30,TB17  618,b102 x  b044,Genetics,7/25/2017,7/25/2017,69,69,4339.55,4339.55
31,TB17  619,b175x  b004,Genetics,7/20/2017,7/20/2017,64,64,3977,3977
32,TB17  620,b125 x  b057,Genetics,7/21/2017,7/22/2017,65,66,4049.05,4121.95
33,TB17  621,b125 x  b102,Genetics,7/22/2017,7/22/2017,66,66,4121.95,4121.95
34,TB17  622,b136 x  b055,Genetics,7/24/2017,7/24/2017,68,68,4269.2,4269.2
35,TB17  623,b169 x  b065,Genetics,7/20/2017,7/22/2017,64,66,3977,4121.95
36,TB17  624,b169 x  b125,Genetics,7/23/2017,7/22/2017,67,66,4195.3,4121.95
37,TB17  625,b175 x  b078,Genetics,7/19/2017,7/22/2017,63,66,3905.55,4121.95
38,TB17  626,b154 x  b144,Genetics,7/20/2017,7/20/2017,64,64,3977,3977
39,TB17  627 , b057 x  b055,Genetics,7/20/2017,7/21/2017,64,65,3977,4049.05
40,TB17  628,b111 x  b055,Genetics,NA,NA,NA,NA,NA,NA
41,TB17  629,PHZ51,Genetics,NA,NA,NA,NA,NA,NA
42,TB17  630,b175 x  b057,Genetics,7/19/2017,7/20/2017,63,64,3905.55,3977
43,TB17  631,b131 x  b055,Genetics,7/20/2017,7/22/2017,64,66,3977,4121.95
44,TB17  632,b175 x  b107,Genetics,7/21/2017,7/22/2017,65,66,4049.05,4121.95
45,TB17  633,b111x  B73,Genetics,7/21/2017,7/24/2017,65,68,4049.05,4269.2
46,TB17  634,b154 x  B73,Genetics,7/20/2017,7/20/2017,64,64,3977,3977
47,TB17  635,b055 x  b044,Genetics,7/25/2017,7/24/2017,69,68,4339.55,4269.2
48,TB17  636,b125 x  b055,Genetics,7/20/2017,7/22/2017,64,66,3977,4121.95
49,TB17  637  ,b189 x  b144,Genetics,7/23/2017,7/24/2017,67,68,4195.3,4269.2
50,TB17  638,b057 x  B73,Genetics,7/24/2017,7/24/2017,68,68,4269.2,4269.2
51,TB17  639,b102 x  b049,Genetics,7/25/2017,7/23/2017,69,67,4339.55,4195.3
52,TB17  640,PHZ51,Genetics,NA,NA,NA,NA,NA,NA
53,TB17  641,b154x  b040,Genetics,7/25/2017,7/22/2017,69,66,4339.55,4121.95
54,TB17  642,b049x  b015,Genetics,7/21/2017,7/21/2017,65,65,4049.05,4049.05
55,TB17  643,b111 x  b102,Genetics,7/21/2017,7/22/2017,65,66,4049.05,4121.95
56,TB17  644,b144 x  b065,Genetics,7/21/2017,7/22/2017,65,66,4049.05,4121.95
57,TB17  645,b055 x  B73,Genetics,7/24/2017,7/24/2017,68,68,4269.2,4269.2
58,TB17  646,b057 x  B73,Genetics,7/21/2017,7/22/2017,65,66,4049.05,4121.95
59,TB17  647  ,PHZ51,Genetics,NA,NA,NA,NA,NA,NA
60,TB17  648,b065x  B73,Genetics,7/17/2017,7/17/2017,61,61,3765.4,3765.4
61,TB17  649,b189 x  b154,Genetics,NA,NA,NA,NA,NA,NA
62,TB17  650,b131x  b015,Genetics,7/19/2017,7/19/2017,63,63,3905.55,3905.55
63,TB17  651,b055x  b040,Genetics,7/19/2017,7/21/2017,63,65,3905.55,4049.05
64,TB17  652,b107x  b004,Genetics,7/24/2017,7/24/2017,68,68,4269.2,4269.2
65,TB17  653,b189 x  b169,Genetics,7/24/2017,7/24/2017,68,68,4269.2,4269.2
66,TB17  654,b154 x  b136,Genetics,7/19/2017,7/20/2017,63,64,3905.55,3977
67,TB17  655,b154 x  b107,Genetics,NA,7/19/2017,NA,63,NA,3905.55
68,TB17  656,b175 x  b136,Genetics,7/19/2017,7/20/2017,63,64,3905.55,3977
69,TB17  657  ,b154 x  b057,Genetics,7/23/2017,7/26/2017,67,70,4195.3,4409.65
70,TB17  658,PHZ51,Genetics,NA,NA,NA,NA,NA,NA
71,TB17  659,b102 x  b055,Genetics,7/21/2017,7/22/2017,65,66,4049.05,4121.95
72,TB17  660,b136 x  b125,Genetics,7/19/2017,7/20/2017,63,64,3905.55,3977
73,TB17  661,b078x  b015,Genetics,7/20/2017,7/20/2017,64,64,3977,3977
74,TB17  662,b107 x  b044,Genetics,7/25/2017,7/25/2017,69,69,4339.55,4339.55
75,TB17  663,b169 x  b055,Genetics,7/23/2017,7/22/2017,67,66,4195.3,4121.95
76,TB17  664,b044x  b004,Genetics,7/21/2017,7/22/2017,65,66,4049.05,4121.95
77,TB17  665,b144 x  b111,Genetics,7/21/2017,7/22/2017,65,66,4049.05,4121.95
78,TB17  666,b102 x  b078,Genetics,7/20/2017,7/22/2017,64,66,3977,4121.95
79,TB17  667  ,b154 x  b102,Genetics,7/20/2017,7/20/2017,64,64,3977,3977
80,TB17  668,b131 x  b111,Genetics,7/23/2017,7/22/2017,67,66,4195.3,4121.95
81,TB17  669,b107 x  b057,Genetics,7/20/2017,7/21/2017,64,65,3977,4049.05
82,TB17  670,PHZ51,Genetics,NA,NA,NA,NA,NA,NA
83,TB17  671,B73v4,Genetics,7/20/2017,7/22/2017,64,66,3977,4121.95
84,TB17  672,b175 x  b131,Genetics,7/19/2017,7/19/2017,63,63,3905.55,3905.55
85,TB17  673,b111 x  b049,Genetics,7/21/2017,7/22/2017,65,66,4049.05,4121.95
86,TB17  674,PHZ51,Genetics,NA,NA,NA,NA,NA,NA
87,TB17  675,b065 x  b057,Genetics,7/21/2017,7/22/2017,65,66,4049.05,4121.95
88,TB17  676,PHZ51,Genetics,NA,NA,NA,NA,NA,NA
89,TB17  677  ,b189 x  b044,Genetics,7/24/2017,7/24/2017,68,68,4269.2,4269.2
90,TB17  678,b169 x  b057,Genetics,7/22/2017,7/24/2017,66,68,4121.95,4269.2
91,TB17  679,B73v4,Genetics,7/20/2017,7/22/2017,64,66,3977,4121.95
92,TB17  680,b125x  b040,Genetics,7/21/2017,7/22/2017,65,66,4049.05,4121.95
93,TB17  681,b102x  B73,Genetics,7/24/2017,7/24/2017,68,68,4269.2,4269.2
94,TB17  682,b065x  b015,Genetics,7/21/2017,7/24/2017,65,68,4049.05,4269.2
95,TB17  683,b144x  b040,Genetics,7/20/2017,7/21/2017,64,65,3977,4049.05
96,TB17  684,b004x  B73,Genetics,7/23/2017,7/23/2017,67,67,4195.3,4195.3
97,TB17  685,b125 x  b044,Genetics,7/21/2017,7/22/2017,65,66,4049.05,4121.95
98,TB17  686,b169 x  b131,Genetics,7/21/2017,7/21/2017,65,65,4049.05,4049.05
99,TB17  687  ,b175 x  b154,Genetics,7/21/2017,7/22/2017,65,66,4049.05,4121.95
100,TB17  688,b169x  b004,Genetics,7/24/2017,7/24/2017,68,68,4269.2,4269.2
101,TB17  689,b144 x  b125,Genetics,8/3/2017,8/4/2017,78,79,4938.85,5006.95
102,TB17  690,b154 x  b055,Genetics,7/20/2017,7/20/2017,64,64,3977,3977
103,TB17  691,b125 x  b049,Genetics,NA,NA,NA,NA,NA,NA
104,TB17  692,b078x  B73,Genetics,7/19/2017,7/20/2017,63,64,3905.55,3977
105,TB17  693,PHZ51,Genetics,NA,NA,NA,NA,NA,NA
106,TB17  694,b175x  b040,Genetics,7/19/2017,7/20/2017,63,64,3905.55,3977
107,TB17  695,b131 x  b125,Genetics,7/19/2017,7/19/2017,63,63,3905.55,3905.55
108,TB17  696,b169x  B73,Genetics,7/30/2017,7/30/2017,74,74,4686.75,4686.75
109,TB17  697 , b175 x  b102,Genetics,7/19/2017,7/20/2017,63,64,3905.55,3977
110,TB17  698,b004x  B73,Genetics,7/23/2017,7/23/2017,67,67,4195.3,4195.3
111,TB17  699,b131 x  b107,Genetics,7/21/2017,7/22/2017,65,66,4049.05,4121.95
112,TB17  700,b189 x  b175,Genetics,7/19/2017,7/20/2017,63,64,3905.55,3977
113,TB17  701,b102x  b004,Genetics,NA,NA,NA,NA,NA,NA
114,TB17  702,b154 x  b111,Genetics,7/20/2017,7/21/2017,64,65,3977,4049.05
115,TB17  703,b065 x  b049,Genetics,7/20/2017,7/21/2017,64,65,3977,4049.05
116,TB17  704,b169 x  b049,Genetics,7/24/2017,7/24/2017,68,68,4269.2,4269.2
117,TB17  705,PHZ51,Genetics,NA,NA,NA,NA,NA,NA
118,TB17  706,b169 x  b044,Genetics,7/23/2017,7/23/2017,67,67,4195.3,4195.3
119,TB17  707  ,b136x  b004,Genetics,7/22/2017,7/22/2017,66,66,4121.95,4121.95
120,TB17  708,b040x  B73,Genetics,7/21/2017,7/22/2017,65,66,4049.05,4121.95
121,TB17  709,b144 x  b055,Genetics,7/19/2017,7/19/2017,63,63,3905.55,3905.55
122,TB17  710,b189 x  b057,Genetics,7/20/2017,7/20/2017,64,64,3977,3977
123,TB17  711,b154 x  b049,Genetics,7/20/2017,7/20/2017,64,64,3977,3977
124,TB17  712,b055 x  b049,Genetics,7/20/2017,7/21/2017,64,65,3977,4049.05
125,TB17  713,b065x  b004,Genetics,7/21/2017,7/23/2017,65,67,4049.05,4195.3
126,TB17  714,b055x  b004,Genetics,7/20/2017,7/22/2017,64,66,3977,4121.95
127,TB17  715,b175x  B73,Genetics,7/19/2017,7/20/2017,63,64,3905.55,3977
128,TB17  716,b049x  b040,Genetics,7/20/2017,7/21/2017,64,65,3977,4049.05
129,TB17  717 , b136 x  b065,Genetics,7/19/2017,7/20/2017,63,64,3905.55,3977
130,TB17  718,b189 x  b055,Genetics,7/20/2017,7/20/2017,64,64,3977,3977
131,TB17  719,b144 x  b044,Genetics,7/21/2017,7/21/2017,65,65,4049.05,4049.05
132,TB17  720,b015 x b044,Genetics,7/31/2017,8/1/2017,75,76,4748.95,4808.85
133,TB17  721,b189 x  b078,Genetics,7/21/2017,7/22/2017,65,66,4049.05,4121.95
134,TB17  722,b107 x  b078,Genetics,7/19/2017,7/19/2017,63,63,3905.55,3905.55
135,TB17  723,b057x  b015,Genetics,7/19/2017,7/22/2017,63,66,3905.55,4121.95
136,TB17  724,b055x  b015,Genetics,7/21/2017,7/22/2017,65,66,4049.05,4121.95
137,TB17  725,b065 x  b044,Genetics,7/24/2017,7/24/2017,68,68,4269.2,4269.2
138,TB17  726,b136 x  b111,Genetics,7/21/2017,7/22/2017,65,66,4049.05,4121.95
139,TB17  727 , b057x  b004,Genetics,NA,NA,NA,NA,NA,NA
140,TB17  728,b111 x  b107,Genetics,NA,NA,NA,NA,NA,NA
141,TB17  729,b125 x  b065,Genetics,7/18/2017,7/19/2017,62,63,3834.75,3905.55
142,TB17  730,b144x  b004,Genetics,7/20/2017,7/20/2017,64,64,3977,3977
143,TB17  731,b131 x  b044,Genetics,7/23/2017,7/24/2017,67,68,4195.3,4269.2
144,TB17  732,b102x  b040,Genetics,7/20/2017,7/22/2017,64,66,3977,4121.95
145,TB17  733,b175 x  b111,Genetics,7/21/2017,7/21/2017,65,65,4049.05,4049.05
146,TB17  734,b144x  B73,Genetics,7/21/2017,7/24/2017,65,68,4049.05,4269.2
147,TB17  735,b144x  B73,Genetics,7/23/2017,7/23/2017,67,67,4195.3,4195.3
148,TB17  736,b107 x  b102,Genetics,7/24/2017,7/24/2017,68,68,4269.2,4269.2
149,TB17  737 , b189x  b015,Genetics,7/19/2017,7/21/2017,63,65,3905.55,4049.05
150,TB17  738,b057 x  b044,Genetics,7/21/2017,7/22/2017,65,66,4049.05,4121.95
151,TB17  739,b040x  b004,Genetics,7/23/2017,7/23/2017,67,67,4195.3,4195.3
152,TB17  740,b107x  b015,Genetics,7/20/2017,7/22/2017,64,66,3977,4121.95
153,TB17  741,b057 x  b049,Genetics,7/27/2017,7/27/2017,71,71,4479.3,4479.3
154,TB17  742,b065x  b040,Genetics,7/17/2017,7/17/2017,61,61,3765.4,3765.4
155,TB17  743,b189x  b040,Genetics,7/20/2017,7/21/2017,64,65,3977,4049.05
156,TB17  744,b154 x  B73,Genetics,7/22/2017,7/24/2017,66,68,4121.95,4269.2
157,TB17  745,b078 x  b057,Genetics,7/23/2017,7/22/2017,67,66,4195.3,4121.95
158,TB17  746,b136 x  b102,Genetics,7/20/2017,7/22/2017,64,66,3977,4121.95
159,TB17  747  ,PHZ51,Genetics,NA,NA,NA,NA,NA,NA
160,TB17  748,b125 x  b111,Genetics,7/20/2017,7/22/2017,64,66,3977,4121.95
161,TB17  749,b154x  b015,Genetics,7/19/2017,7/20/2017,63,64,3905.55,3977
162,TB17  750,b102x  B73,Genetics,7/20/2017,7/22/2017,64,66,3977,4121.95
163,TB17  751,b154 x  b078,Genetics,7/23/2017,7/24/2017,67,68,4195.3,4269.2
164,TB17  752,b189 x  b065,Genetics,7/23/2017,7/24/2017,67,68,4195.3,4269.2
165,TB17  753,b144 x  b107,Genetics,7/20/2017,7/20/2017,64,64,3977,3977
166,TB17  754,b107 x  b055,Genetics,7/21/2017,7/24/2017,65,68,4049.05,4269.2
167,TB17  755,b111x  b015,Genetics,7/20/2017,7/20/2017,64,64,3977,3977
168,TB17  756,b040x  B73,Genetics,NA,NA,NA,NA,NA,NA
169,TB17  757  ,b107x  B73,Genetics,7/20/2017,7/23/2017,64,67,3977,4195.3
170,TB17  758,b154 x  b044,Genetics,7/25/2017,7/24/2017,69,68,4339.55,4269.2
171,TB17  759,b154 x  b131,Genetics,7/21/2017,7/22/2017,65,66,4049.05,4121.95
172,TB17  760,b169 x  b102,Genetics,7/23/2017,7/24/2017,67,68,4195.3,4269.2
173,TB17  761,b154 x  b065,Genetics,7/19/2017,7/22/2017,63,66,3905.55,4121.95
174,TB17  762,b102x  b015,Genetics,7/19/2017,7/21/2017,63,65,3905.55,4049.05
175,TB17  763,b131x  b004,Genetics,7/19/2017,7/20/2017,63,64,3905.55,3977
176,TB17  764,b065 x  b055,Genetics,7/19/2017,7/24/2017,63,68,3905.55,4269.2
177,TB17  765,PHZ51,Genetics,NA,NA,NA,NA,NA,NA
178,TB17  766,b131x  B73,Genetics,7/23/2017,7/23/2017,67,67,4195.3,4195.3
179,TB17  767  ,b136x  B73,Genetics,8/2/2017,8/2/2017,77,77,4870.3,4870.3
180,TB17  768,b125x  B73,Genetics,7/25/2017,7/29/2017,69,73,4339.55,4619.7
181,TB17  769,b131 x  b078,Genetics,7/20/2017,7/20/2017,64,64,3977,3977
182,TB17  770,b144 x  b102,Genetics,7/23/2017,7/24/2017,67,68,4195.3,4269.2
183,TB17  771,b111 x  b065,Genetics,7/24/2017,7/24/2017,68,68,4269.2,4269.2
184,TB17  772,b136x  b040,Genetics,7/20/2017,7/20/2017,64,64,3977,3977
185,TB17  773,b169x  B73,Genetics,7/25/2017,7/25/2017,69,69,4339.55,4339.55
186,TB17  774,b049x  b004,Genetics,7/31/2017,8/1/2017,75,76,4748.95,4808.85
187,TB17  775,b175 x  b044,Genetics,7/30/2017,7/30/2017,74,74,4686.75,4686.75
188,TB17  776,b049x  B73,Genetics,NA,NA,NA,NA,NA,NA
189,TB17  777 , b144 x  b131,Genetics,7/22/2017,7/24/2017,66,68,4121.95,4269.2
190,TB17  778,b131 x  b049,Genetics,7/27/2017,7/27/2017,71,71,4479.3,4479.3
191,TB17  779,b175 x  b055,Genetics,7/20/2017,7/21/2017,64,65,3977,4049.05
192,TB17  780,b125x  B73,Genetics,NA,NA,NA,NA,NA,NA
193,TB17  781,b111x  b004,Genetics,NA,7/24/2017,NA,68,NA,4269.2
194,TB17  782,b107x  b040,Genetics,7/24/2017,7/24/2017,68,68,4269.2,4269.2
195,TB17  783,B73v4,Genetics,7/20/2017,7/21/2017,64,65,3977,4049.05
196,TB17  784,b078 x  b065,Genetics,7/20/2017,7/21/2017,64,65,3977,4049.05
197,TB17  785,b189 x  b107,Genetics,7/23/2017,7/23/2017,67,67,4195.3,4195.3
198,TB17  786,b111 x  b044,Genetics,7/23/2017,7/23/2017,67,67,4195.3,4195.3
199,TB17  787  ,b131 x  b102,Genetics,7/22/2017,7/24/2017,66,68,4121.95,4269.2
200,TB17  788,b144 x  b136,Genetics,7/23/2017,7/22/2017,67,66,4195.3,4121.95
201,TB17  789,b189 x  b102,Genetics,7/21/2017,7/22/2017,65,66,4049.05,4121.95
202,TB17  790,b169x  b015,Genetics,7/19/2017,7/20/2017,63,64,3905.55,3977
203,TB17  791,b175 x  b169,Genetics,7/20/2017,7/20/2017,64,64,3977,3977
204,TB17  792,b131x  b040,Genetics,7/26/2017,7/25/2017,70,69,4409.65,4339.55
205,TB17  793,b015x  b004,Genetics,7/18/2017,7/20/2017,62,64,3834.75,3977
206,TB17  794,b175 x  b065,Genetics,7/17/2017,7/17/2017,61,61,3765.4,3765.4
207,TB17  795,b125 x  b107,Genetics,7/19/2017,7/24/2017,63,68,3905.55,4269.2
208,TB17  796,b057x  b040,Genetics,7/20/2017,7/22/2017,64,66,3977,4121.95
209,TB17  797  ,b189x  b004,Genetics,7/19/2017,7/22/2017,63,66,3905.55,4121.95
210,TB17  798,b131x  B73,Genetics,7/20/2017,7/21/2017,64,65,3977,4049.05
211,TB17  799,b125 x  b078,Genetics,7/21/2017,7/22/2017,65,66,4049.05,4121.95
212,TB17  800,b169x  b040,Genetics,7/23/2017,7/24/2017,67,68,4195.3,4269.2
213,TB17  801,b189 x  b136,Genetics,7/19/2017,7/20/2017,63,64,3905.55,3977
214,TB17  802,b169 x  b107,Genetics,7/21/2017,7/22/2017,65,66,4049.05,4121.95
215,TB17  803,b144x  b015,Genetics,7/20/2017,7/21/2017,64,65,3977,4049.05
216,TB17  804,b102 x  b057,Genetics,7/19/2017,7/21/2017,63,65,3905.55,4049.05
217,TB17  805,b055 x  B73,Genetics,7/20/2017,7/22/2017,64,66,3977,4121.95
218,TB17  806,b111x  b040,Genetics,NA,NA,NA,NA,NA,NA
219,TB17  807 , b015x  B73,Genetics,NA,NA,NA,NA,NA,NA
220,TB17  808,b136 x  b044,Genetics,7/20/2017,7/21/2017,64,65,3977,4049.05
221,TB17  809,b049x  B73,Genetics,7/22/2017,7/25/2017,66,69,4121.95,4339.55
222,TB17  810,b111x  b004,Genetics,7/25/2017,7/25/2017,69,69,4339.55,4339.55
223,TB17  811,b125 x  b065,Genetics,7/20/2017,7/21/2017,64,65,3977,4049.05
224,TB17  812,PHZ51,Genetics,NA,NA,NA,NA,NA,NA
225,TB17  813,b107 x  b078,Genetics,7/20/2017,7/21/2017,64,65,3977,4049.05
226,TB17  814,b136 x  b102,Genetics,7/23/2017,7/24/2017,67,68,4195.3,4269.2
227,TB17  815,b189x  b040,Genetics,7/23/2017,7/24/2017,67,68,4195.3,4269.2
228,TB17  816,b169 x  b102,Genetics,7/23/2017,7/23/2017,67,67,4195.3,4195.3
229,TB17  817,PHZ51,Genetics,NA,NA,NA,NA,NA,NA
230,TB17  818, b049x  b040,Genetics,7/24/2017,7/24/2017,68,68,4269.2,4269.2
231,TB17  819,b189 x  b044,Genetics,7/21/2017,7/24/2017,65,68,4049.05,4269.2
232,TB17  820,b175 x  b131,Genetics,7/19/2017,7/20/2017,63,64,3905.55,3977
233,TB17  821,b057 x  b044,Genetics,7/21/2017,7/24/2017,65,68,4049.05,4269.2
234,TB17  822,b131 x  b057,Genetics,7/21/2017,7/24/2017,65,68,4049.05,4269.2
235,TB17  823,b144x  B73,Genetics,7/21/2017,7/23/2017,65,67,4049.05,4195.3
236,TB17  824,b169 x  b131,Genetics,7/22/2017,7/22/2017,66,66,4121.95,4121.95
237,TB17  825,b154 x  b125,Genetics,7/19/2017,7/21/2017,63,65,3905.55,4049.05
238,TB17  826,b131x  b004,Genetics,7/21/2017,7/22/2017,65,66,4049.05,4121.95
239,TB17  827,b154 x  b111,Genetics,7/21/2017,7/24/2017,65,68,4049.05,4269.2
240,TB17  828,b111x  B73,Genetics,7/24/2017,7/24/2017,68,68,4269.2,4269.2
241,TB17  829,b175 x  b144,Genetics,7/21/2017,7/21/2017,65,65,4049.05,4049.05
242,TB17  830,b189 x  b078,Genetics,7/28/2017,7/27/2017,72,71,4551.5,4479.3
243,TB17  831,b057 x  B73,Genetics,7/28/2017,7/31/2017,72,75,4551.5,4748.95
244,TB17  832,b111 x  b057,Genetics,NA,NA,NA,NA,NA,NA
245,TB17  833,B73v4,Genetics,7/23/2017,7/24/2017,67,68,4195.3,4269.2
246,TB17  834,b102 x  b055,Genetics,7/24/2017,7/25/2017,68,69,4269.2,4339.55
247,TB17  835,b169 x  b057,Genetics,7/25/2017,7/25/2017,69,69,4339.55,4339.55
248,TB17  836,b169x  B73,Genetics,7/25/2017,7/26/2017,69,70,4339.55,4409.65
249,TB17  837,PHZ51,Genetics,NA,NA,NA,NA,NA,NA
250,TB17  838,b169 x  b055,Genetics,7/22/2017,7/22/2017,66,66,4121.95,4121.95
251,TB17  839,b065x  b040,Genetics,7/17/2017,7/18/2017,61,62,3765.4,3834.75
252,TB17  840,b144 x  b107,Genetics,7/20/2017,7/20/2017,64,64,3977,3977
253,TB17  841,b169 x  b065,Genetics,7/22/2017,7/24/2017,66,68,4121.95,4269.2
254,TB17  842,b131 x  b107,Genetics,7/22/2017,7/22/2017,66,66,4121.95,4121.95
255,TB17  843,b189 x  b055,Genetics,NA,7/24/2017,NA,68,NA,4269.2
256,TB17  844,b057 x  b049,Genetics,7/25/2017,7/24/2017,69,68,4339.55,4269.2
257,TB17  845,b175x  b004,Genetics,7/20/2017,7/22/2017,64,66,3977,4121.95
258,TB17  846,B73v4,Genetics,NA,NA,NA,NA,NA,NA
259,TB17  847,b111x  B73,Genetics,7/21/2017,7/22/2017,65,66,4049.05,4121.95
260,TB17  848, b154 x  b136,Genetics,7/21/2017,NA,65,NA,4049.05,NA
261,TB17  849,b107x  B73,Genetics,7/21/2017,7/22/2017,65,66,4049.05,4121.95
262,TB17  850,PHZ51,Genetics,NA,NA,NA,NA,NA,NA
263,TB17  851,b136 x  b125,Genetics,NA,NA,NA,NA,NA,NA
264,TB17  852,b040x  b004,Genetics,7/21/2017,7/22/2017,65,66,4049.05,4121.95
265,TB17  853,b102x  b004,Genetics,7/23/2017,7/25/2017,67,69,4195.3,4339.55
266,TB17  854,b057x  b004,Genetics,NA,NA,NA,NA,NA,NA
267,TB17  855,b055 x  b044,Genetics,7/23/2017,7/25/2017,67,69,4195.3,4339.55
268,TB17  856,b125x  B73,Genetics,7/21/2017,7/24/2017,65,68,4049.05,4269.2
269,TB17  857,b189 x  b102,Genetics,7/21/2017,7/22/2017,65,66,4049.05,4121.95
270,TB17  858,b004x  B73,Genetics,7/25/2017,7/25/2017,69,69,4339.55,4339.55
271,TB17  859,b189 x  b144,Genetics,7/21/2017,7/26/2017,65,70,4049.05,4409.65
272,TB17  860,b189 x  b175,Genetics,7/23/2017,7/24/2017,67,68,4195.3,4269.2
273,TB17  861,b175 x  b154,Genetics,7/19/2017,7/21/2017,63,65,3905.55,4049.05
274,TB17  862,b102 x  b049,Genetics,7/21/2017,7/21/2017,65,65,4049.05,4049.05
275,TB17  863,b125 x  b102,Genetics,7/20/2017,7/24/2017,64,68,3977,4269.2
276,TB17  864,b102 x  b078,Genetics,7/21/2017,7/21/2017,65,65,4049.05,4049.05
277,TB17  865,b154x  b015,Genetics,7/19/2017,7/21/2017,63,65,3905.55,4049.05
278,TB17  866,b169 x  b154,Genetics,7/21/2017,7/23/2017,65,67,4049.05,4195.3
279,TB17  867,b175 x  b057,Genetics,7/21/2017,7/23/2017,65,67,4049.05,4195.3
280,TB17  868, b144 x  b111,Genetics,7/21/2017,7/24/2017,65,68,4049.05,4269.2
281,TB17  869,b136 x  b065,Genetics,NA,NA,NA,NA,NA,NA
282,TB17  870,b111x  b015,Genetics,NA,NA,NA,NA,NA,NA
283,TB17  871,b111 x  b107,Genetics,7/20/2017,7/20/2017,64,64,3977,3977
284,TB17  872,b144 x  b102,Genetics,7/21/2017,7/24/2017,65,68,4049.05,4269.2
285,TB17  873,b125 x  b055,Genetics,7/23/2017,7/25/2017,67,69,4195.3,4339.55
286,TB17  874,b154 x  b065,Genetics,7/20/2017,7/22/2017,64,66,3977,4121.95
287,TB17  875,b102x  b040,Genetics,7/23/2017,7/24/2017,67,68,4195.3,4269.2
288,TB17  876,b078x  b015,Genetics,7/21/2017,7/24/2017,65,68,4049.05,4269.2
289,TB17  877,b175 x  b055,Genetics,7/20/2017,7/21/2017,64,65,3977,4049.05
290,TB17  878,b125 x  b044,Genetics,7/22/2017,7/24/2017,66,68,4121.95,4269.2
291,TB17  879,b189x  b004,Genetics,7/20/2017,7/20/2017,64,64,3977,3977
292,TB17  880,B73v4,Genetics,7/21/2017,7/24/2017,65,68,4049.05,4269.2
293,TB17  881,b131x  B73,Genetics,7/23/2017,7/23/2017,67,67,4195.3,4195.3
294,TB17  882,b131x  B73,Genetics,7/20/2017,7/21/2017,64,65,3977,4049.05
295,TB17  883,b154x  b040,Genetics,NA,7/25/2017,NA,69,NA,4339.55
296,TB17  884,b154 x  B73,Genetics,7/23/2017,7/24/2017,67,68,4195.3,4269.2
297,TB17  885,b154 x  b057,Genetics,7/23/2017,7/23/2017,67,67,4195.3,4195.3
298,TB17  886,b055 x  b049,Genetics,NA,NA,NA,NA,NA,NA
299,TB17  887,b154 x  b102,Genetics,7/26/2017,7/25/2017,70,69,4409.65,4339.55
300,TB17  888,b055x  b004,Genetics,7/23/2017,7/22/2017,67,66,4195.3,4121.95
301,TB17  889,b125 x  b057,Genetics,7/23/2017,7/25/2017,67,69,4195.3,4339.55
302,TB17  890,b175 x  b102,Genetics,7/21/2017,7/22/2017,65,66,4049.05,4121.95
303,TB17  891,b144 x  b136,Genetics,7/24/2017,7/24/2017,68,68,4269.2,4269.2
304,TB17  892,b169x  b015,Genetics,7/23/2017,7/24/2017,67,68,4195.3,4269.2
305,TB17  893,b049x  b004,Genetics,NA,NA,NA,NA,NA,NA
306,TB17  894,PHZ51,Genetics,NA,NA,NA,NA,NA,NA
307,TB17  895,b154 x  b049,Genetics,7/23/2017,7/26/2017,67,70,4195.3,4409.65
308,TB17  896,b125 x  b107,Genetics,7/24/2017,7/30/2017,68,74,4269.2,4686.75
309,TB17  897,b057 x  b055,Genetics,NA,NA,NA,NA,NA,NA
310,TB17  898,b107 x  b057,Genetics,7/20/2017,7/23/2017,64,67,3977,4195.3
311,TB17  899,b102x  B73,Genetics,7/21/2017,7/22/2017,65,66,4049.05,4121.95
312,TB17  900,b169 x  b125,Genetics,7/20/2017,7/23/2017,64,67,3977,4195.3
313,TB17  901,b125x  b004,Genetics,7/20/2017,7/23/2017,64,67,3977,4195.3
314,TB17  902,b107 x  b102,Genetics,7/25/2017,7/27/2017,69,71,4339.55,4479.3
315,TB17  903,b057x  b015,Genetics,7/20/2017,7/20/2017,64,64,3977,3977
316,TB17  904,b055 x  B73,Genetics,7/21/2017,7/22/2017,65,66,4049.05,4121.95
317,TB17  905,b111 x  b065,Genetics,NA,NA,NA,NA,NA,NA
318,TB17  906,b107x  b004,Genetics,7/23/2017,7/23/2017,67,67,4195.3,4195.3
319,TB17  907,b131 x  b102,Genetics,7/26/2017,7/27/2017,70,71,4409.65,4479.3
320,TB17  908, b004x  B73,Genetics,7/23/2017,7/24/2017,67,68,4195.3,4269.2
321,TB17  909,b189 x  b065,Genetics,NA,7/22/2017,NA,66,NA,4121.95
322,TB17  910,b078 x  b057,Genetics,7/24/2017,7/24/2017,68,68,4269.2,4269.2
323,TB17  911,b065 x  b049,Genetics,7/22/2017,7/22/2017,66,66,4121.95,4121.95
324,TB17  912,PHZ51,Genetics,NA,NA,NA,NA,NA,NA
325,TB17  913,b189 x  b169,Genetics,7/23/2017,7/22/2017,67,66,4195.3,4121.95
326,TB17  914,b065 x  b044,Genetics,7/24/2017,7/24/2017,68,68,4269.2,4269.2
327,TB17  915,b136 x  b111,Genetics,7/24/2017,7/24/2017,68,68,4269.2,4269.2
328,TB17  916,b169 x  b049,Genetics,7/28/2017,7/27/2017,72,71,4551.5,4479.3
329,TB17  917,b189 x  b111,Genetics,7/23/2017,7/23/2017,67,67,4195.3,4195.3
330,TB17  918,PHZ51,Genetics,NA,NA,NA,NA,NA,NA
331,TB17  919,b144 x  b055,Genetics,7/21/2017,7/22/2017,65,66,4049.05,4121.95
332,TB17  920,b049x  b015,Genetics,7/27/2017,7/24/2017,71,68,4479.3,4269.2
333,TB17  921,b169x  b004,Genetics,7/23/2017,7/22/2017,67,66,4195.3,4121.95
334,TB17  922,b169 x  b044,Genetics,7/24/2017,7/24/2017,68,68,4269.2,4269.2
335,TB17  923,b175 x  b065,Genetics,7/21/2017,7/24/2017,65,68,4049.05,4269.2
336,TB17  924,b111 x  b044,Genetics,7/28/2017,7/27/2017,72,71,4551.5,4479.3
337,TB17  925,b189 x  b057,Genetics,7/23/2017,7/22/2017,67,66,4195.3,4121.95
338,TB17  926,b065x  B73,Genetics,7/20/2017,7/24/2017,64,68,3977,4269.2
339,TB17  927,b189 x  b049,Genetics,7/25/2017,7/24/2017,69,68,4339.55,4269.2
340,TB17  928,b131 x  b125,Genetics,7/25/2017,7/25/2017,69,69,4339.55,4339.55
341,TB17  929,b131x  b040,Genetics,7/23/2017,7/22/2017,67,66,4195.3,4121.95
342,TB17  930,b154 x  b144,Genetics,7/20/2017,7/21/2017,64,65,3977,4049.05
343,TB17  931,b175 x  b078,Genetics,7/20/2017,7/21/2017,64,65,3977,4049.05
344,TB17  932,b125 x  b078,Genetics,7/22/2017,7/22/2017,66,66,4121.95,4121.95
345,TB17  933,b107x  b015,Genetics,7/19/2017,7/21/2017,63,65,3905.55,4049.05
346,TB17  934,b144 x  b044,Genetics,7/21/2017,7/23/2017,65,67,4049.05,4195.3
347,TB17  935,b057 x  B73,Genetics,7/23/2017,7/24/2017,67,68,4195.3,4269.2
348,TB17  936,b078 x  b065,Genetics,7/22/2017,7/22/2017,66,66,4121.95,4121.95
349,TB17  937,b136x  B73,Genetics,7/20/2017,7/20/2017,64,64,3977,3977
350,TB17  938,b144 x  b065,Genetics,7/20/2017,7/20/2017,64,64,3977,3977
351,TB17  939,b078 x  b049,Genetics,7/23/2017,7/24/2017,67,68,4195.3,4269.2
352,TB17  940,b189x  b015,Genetics,7/20/2017,7/21/2017,64,65,3977,4049.05
353,TB17  941,b102x  B73,Genetics,7/20/2017,7/21/2017,64,65,3977,4049.05
354,TB17  942,b015x  B73,Genetics,7/21/2017,7/24/2017,65,68,4049.05,4269.2
355,TB17  943,b175x  B73,Genetics,7/19/2017,7/22/2017,63,66,3905.55,4121.95
356,TB17  944,b154 x  B73,Genetics,7/20/2017,7/20/2017,64,64,3977,3977
357,TB17  945,b175 x  b111,Genetics,7/19/2017,7/20/2017,63,64,3905.55,3977
358,TB17  946,b107 x  b044,Genetics,7/25/2017,7/24/2017,69,68,4339.55,4269.2
359,TB17  947,b015 x b044,Genetics,7/22/2017,7/23/2017,66,67,4121.95,4195.3
360,TB17  948, b015x  b004,Genetics,7/19/2017,7/20/2017,63,64,3905.55,3977
361,TB17  949,b169 x  b111,Genetics,7/21/2017,7/21/2017,65,65,4049.05,4049.05
362,TB17  950,b175x  b015,Genetics,7/17/2017,7/17/2017,61,61,3765.4,3765.4
363,TB17  951,b065x  b015,Genetics,7/25/2017,7/26/2017,69,70,4339.55,4409.65
364,TB17  952,b154 x  b078,Genetics,7/23/2017,7/22/2017,67,66,4195.3,4121.95
365,TB17  953,b189 x  b131,Genetics,NA,NA,NA,NA,NA,NA
366,TB17  954,b154 x  b044,Genetics,7/22/2017,7/23/2017,66,67,4121.95,4195.3
367,TB17  955,b044x  b004,Genetics,7/23/2017,7/24/2017,67,68,4195.3,4269.2
368,TB17  956,b107x  B73,Genetics,7/20/2017,7/21/2017,64,65,3977,4049.05
369,TB17  957,b040x  B73,Genetics,7/21/2017,7/22/2017,65,66,4049.05,4121.95
370,TB17  958, b189 x  b136,Genetics,7/20/2017,7/21/2017,64,65,3977,4049.05
371,TB17  959,b015x  B73,Genetics,7/20/2017,7/24/2017,64,68,3977,4269.2
372,TB17  960,b131 x  b044,Genetics,7/23/2017,7/23/2017,67,67,4195.3,4195.3
373,TB17  961,b154 x  b055,Genetics,7/21/2017,7/22/2017,65,66,4049.05,4121.95
374,TB17  962,PHZ51,Genetics,NA,NA,NA,NA,NA,NA
375,TB17  963,b102 x  b057,Genetics,7/23/2017,7/25/2017,67,69,4195.3,4339.55
376,TB17  964,PHZ51,Genetics,NA,NA,NA,NA,NA,NA
377,TB17  965,b144 x  b125,Genetics,7/20/2017,7/22/2017,64,66,3977,4121.95
378,TB17  966,b125 x  b111,Genetics,7/21/2017,7/21/2017,65,65,4049.05,4049.05
379,TB17  967,b189 x  B73,Genetics,NA,NA,NA,NA,NA,NA
380,TB17  968,b131x  b015,Genetics,7/28/2017,7/27/2017,72,71,4551.5,4479.3
381,TB17  969,b055x  b040,Genetics,7/21/2017,7/21/2017,65,65,4049.05,4049.05
382,TB17  970,b057x  b040,Genetics,7/22/2017,7/25/2017,66,69,4121.95,4339.55
383,TB17  971,b102x  b015,Genetics,7/21/2017,7/22/2017,65,66,4049.05,4121.95
384,TB17  972,b154 x  b107,Genetics,7/22/2017,7/22/2017,66,66,4121.95,4121.95
385,TB17  973,PHZ51,Genetics,NA,NA,NA,NA,NA,NA
386,TB17  974,b189 x  b154,Genetics,7/20/2017,7/22/2017,64,66,3977,4121.95
387,TB17  975,PHZ51,Genetics,NA,NA,NA,NA,NA,NA
388,TB17  976,b125x  b015,Genetics,7/20/2017,7/22/2017,64,66,3977,4121.95
389,TB17  977,PHZ51,Genetics,NA,NA,NA,NA,NA,NA
390,TB17  978,b169 x  b107,Genetics,7/23/2017,7/23/2017,67,67,4195.3,4195.3
391,TB17  979,b175 x  b107,Genetics,7/22/2017,7/22/2017,66,66,4121.95,4121.95
392,TB17  980,b111 x  b102,Genetics,7/21/2017,7/24/2017,65,68,4049.05,4269.2
393,TB17  981,b189 x  b125,Genetics,7/20/2017,7/21/2017,64,65,3977,4049.05
394,TB17  982,b111x  b040,Genetics,NA,NA,NA,NA,NA,NA
395,TB17  983,b065x  b004,Genetics,8/2/2017,7/31/2017,77,75,4870.3,4748.95
396,TB17  984,b136x  b040,Genetics,7/19/2017,7/19/2017,63,63,3905.55,3905.55
397,TB17  985,b136 x  b055,Genetics,7/21/2017,7/24/2017,65,68,4049.05,4269.2
398,TB17  986,b136 x  b044,Genetics,7/23/2017,7/22/2017,67,66,4195.3,4121.95
399,TB17  987,b144x  b015,Genetics,7/20/2017,7/22/2017,64,66,3977,4121.95
400,TB17  988,b055 x  B73,Genetics,7/24/2017,7/25/2017,68,69,4269.2,4339.55
401,TB17  989,b111 x  b055,Genetics,NA,NA,NA,NA,NA,NA
402,TB17  990,b175 x  b169,Genetics,7/23/2017,7/22/2017,67,66,4195.3,4121.95
403,TB17  991,b144 x  b057,Genetics,7/24/2017,7/24/2017,68,68,4269.2,4269.2
404,TB17  992,b131 x  b055,Genetics,7/24/2017,7/24/2017,68,68,4269.2,4269.2
405,TB17  993,b144 x  b131,Genetics,7/19/2017,7/22/2017,63,66,3905.55,4121.95
406,TB17  994,PHZ51,Genetics,NA,NA,NA,NA,NA,NA
407,TB17  995,b107x  b040,Genetics,7/24/2017,7/24/2017,68,68,4269.2,4269.2
408,TB17  996,PHZ51,Genetics,NA,NA,NA,NA,NA,NA
409,TB17  997,b125x  b040,Genetics,7/24/2017,7/25/2017,68,69,4269.2,4339.55
410,TB17  998, b055x  b015,Genetics,7/22/2017,7/22/2017,66,66,4121.95,4121.95
411,TB17  999,b144x  b004,Genetics,7/22/2017,7/22/2017,66,66,4121.95,4121.95
412,TB17  1000,b144x  B73,Genetics,7/21/2017,7/22/2017,65,66,4049.05,4121.95
413,TB17  1001,b078x  B73,Genetics,7/22/2017,7/23/2017,66,67,4121.95,4195.3
414,TB17  1002,b175x  b040,Genetics,7/19/2017,7/21/2017,63,65,3905.55,4049.05
415,TB17  1003,b175x  B73,Genetics,7/20/2017,7/21/2017,64,65,3977,4049.05
416,TB17  1004,b131 x  b078,Genetics,7/21/2017,7/21/2017,65,65,4049.05,4049.05
417,TB17  1005,b131 x  b049,Genetics,7/22/2017,7/22/2017,66,66,4121.95,4121.95
418,TB17  1006,b154 x  b131,Genetics,7/21/2017,7/22/2017,65,66,4049.05,4121.95
419,TB17  1007,b125x  B73,Genetics,7/21/2017,7/23/2017,65,67,4049.05,4195.3
420,TB17  1008,b175 x  b044,Genetics,7/21/2017,7/24/2017,65,68,4049.05,4269.2
421,TB17  1009,PHZ51,Genetics,NA,NA,NA,NA,NA,NA
422,TB17  1010,b040x  B73,Genetics,NA,NA,NA,NA,NA,NA
423,TB17  1011,b131 x  b111,Genetics,7/22/2017,7/22/2017,66,66,4121.95,4121.95
424,TB17  1012,b102 x  b065,Genetics,7/19/2017,7/20/2017,63,64,3905.55,3977
425,TB17  1013,b102 x  b044,Genetics,7/21/2017,7/22/2017,65,66,4049.05,4121.95
426,TB17  1014,b107 x  b065,Genetics,7/22/2017,7/22/2017,66,66,4121.95,4121.95
427,TB17  1015,b065 x  b057,Genetics,7/19/2017,7/20/2017,63,64,3905.55,3977
428,TB17  1016,b049x  B73,Genetics,7/23/2017,7/24/2017,67,68,4195.3,4269.2
429,TB17  1017,b111 x  b049,Genetics,7/21/2017,7/22/2017,65,66,4049.05,4121.95
430,TB17  1018,b107 x  b055,Genetics,7/23/2017,7/25/2017,67,69,4195.3,4339.55
431,TB17  1019,b175 x  b136,Genetics,7/19/2017,7/19/2017,63,63,3905.55,3905.55
432,TB17  1020,b065 x  b055,Genetics,7/25/2017,7/25/2017,69,69,4339.55,4339.55
433,TB17  1021,PHZ51,Genetics,NA,NA,NA,NA,NA,NA
434,TB17  1022,b154x  b004,Genetics,7/23/2017,7/23/2017,67,67,4195.3,4195.3
435,TB17  1023,PHZ51,Genetics,NA,NA,NA,NA,NA,NA
436,TB17  1024,B73v4,Genetics,7/20/2017,7/21/2017,64,65,3977,4049.05
437,TB17  1025,PHZ51,Genetics,NA,NA,NA,NA,NA,NA
438,TB17  1026,b189 x  b107,Genetics,7/20/2017,7/22/2017,64,66,3977,4121.95
439,TB17  1027,b169x  b040,Genetics,7/23/2017,7/22/2017,67,66,4195.3,4121.95
440,TB17  1028,b144x  b040,Genetics,7/19/2017,7/21/2017,63,65,3905.55,4049.05
441,TB17_2001,b107x  B73,Bradford,7/21/2017,7/22/2017,66,67,4187.25,4260.6
442,TB17_2002,b015x  B73,Bradford,7/22/2017,7/23/2017,67,68,4260.6,4334.5
443,TB17_2003,b107 x  b078,Bradford,7/26/2017,7/26/2017,71,71,4544.6,4544.6
444,TB17_2004,b169 x  b154,Bradford,7/22/2017,7/22/2017,67,67,4260.6,4260.6
445,TB17_2005,b189 x  b102,Bradford,7/22/2017,7/23/2017,67,68,4260.6,4334.5
446,TB17_2006,b144 x  b057,Bradford,7/21/2017,7/23/2017,66,68,4187.25,4334.5
447,TB17_2007,b111x  b015,Bradford,7/19/2017,7/21/2017,64,66,4042.3,4187.25
448,TB17_2008,b107x  b015,Bradford,7/24/2017,7/24/2017,69,69,4404.85,4404.85
449,TB17_2009,b055 x  b044,Bradford,7/24/2017,7/24/2017,69,69,4404.85,4404.85
450,TB17_2010,b175x  b004,Bradford,7/21/2017,7/22/2017,66,67,4187.25,4260.6
451,TB17_2011,b044x  B73,Bradford,7/21/2017,7/23/2017,66,68,4187.25,4334.5
452,TB17_2012,b175 x  b044,Bradford,7/24/2017,7/25/2017,69,70,4404.85,4474.95
453,TB17_2013,b189 x  b154,Bradford,NA,NA,NA,NA,NA,NA
454,TB17_2014,b144 x  b055,Bradford,7/21/2017,7/22/2017,66,67,4187.25,4260.6
455,TB17_2015,b107 x  b102,Bradford,7/24/2017,7/25/2017,69,70,4404.85,4474.95
456,TB17_2016,b175x  B73,Bradford,7/19/2017,7/23/2017,64,68,4042.3,4334.5
457,TB17_2017,b131 x  b049,Bradford,7/21/2017,7/22/2017,66,67,4187.25,4260.6
458,TB17_2018,b189 x  b125,Bradford,7/22/2017,7/25/2017,67,70,4260.6,4474.95
459,TB17_2019,b175 x  b107,Bradford,7/24/2017,7/23/2017,69,68,4404.85,4334.5
460,TB17_2020,B73v4,Bradford,7/19/2017,7/20/2017,64,65,4042.3,4114.35
461,TB17_2021,b107 x  b057,Bradford,7/21/2017,7/21/2017,66,66,4187.25,4187.25
462,TB17_2022,b111 x  b044,Bradford,7/21/2017,7/21/2017,66,66,4187.25,4187.25
463,TB17_2023,b154 x  b044,Bradford,7/22/2017,7/23/2017,67,68,4260.6,4334.5
464,TB17_2024,b125x  b015,Bradford,7/22/2017,7/24/2017,67,69,4260.6,4404.85
465,TB17_2025,b136 x  b044,Bradford,7/24/2017,7/23/2017,69,68,4404.85,4334.5
466,TB17_2026,b189 x  b131,Bradford,7/22/2017,7/23/2017,67,68,4260.6,4334.5
467,TB17_2027,b102 x  b065,Bradford,7/20/2017,7/20/2017,65,65,4114.35,4114.35
468,TB17_2028,b189 x  b057,Bradford,7/21/2017,7/24/2017,66,69,4187.25,4404.85
469,TB17_2029,b131x  B73,Bradford,7/22/2017,7/23/2017,67,68,4260.6,4334.5
470,TB17_2030,b169x  B73,Bradford,7/25/2017,7/25/2017,70,70,4474.95,4474.95
471,TB17_2031,b131 x  b065,Bradford,7/21/2017,7/23/2017,66,68,4187.25,4334.5
472,TB17_2032,b131 x  b055,Bradford,7/21/2017,7/23/2017,66,68,4187.25,4334.5
473,TB17_2033,b055 x  b049,Bradford,7/24/2017,7/24/2017,69,69,4404.85,4404.85
474,TB17_2034,b055x  b004,Bradford,7/20/2017,7/21/2017,65,66,4114.35,4187.25
475,TB17_2035,b175 x  b125,Bradford,7/20/2017,7/21/2017,65,66,4114.35,4187.25
476,TB17_2036,b175 x  b144,Bradford,7/20/2017,7/21/2017,65,66,4114.35,4187.25
477,TB17_2037,b189 x  b111,Bradford,7/22/2017,7/23/2017,67,68,4260.6,4334.5
478,TB17_2038,b131 x  b111,Bradford,7/24/2017,7/24/2017,69,69,4404.85,4404.85
479,TB17_2039,b175 x  b102,Bradford,7/19/2017,7/19/2017,64,64,4042.3,4042.3
480,TB17_2040,b136x  B73,Bradford,7/20/2017,7/20/2017,65,65,4114.35,4114.35
481,TB17_2041,b049x  B73,Bradford,7/26/2017,7/25/2017,71,70,4544.6,4474.95
482,TB17_2042,b154 x  b049,Bradford,7/24/2017,7/25/2017,69,70,4404.85,4474.95
483,TB17_2043,b169 x  b107,Bradford,7/21/2017,7/23/2017,66,68,4187.25,4334.5
484,TB17_2044,b136 x  b065,Bradford,7/20/2017,7/20/2017,65,65,4114.35,4114.35
485,TB17_2045,b154 x  B73,Bradford,7/24/2017,7/26/2017,69,71,4404.85,4544.6
486,TB17_2046,b189 x  b055,Bradford,7/20/2017,7/21/2017,65,66,4114.35,4187.25
487,TB17_2047,b175 x  b055,Bradford,7/19/2017,7/20/2017,64,65,4042.3,4114.35
488,TB17_2048,b057 x  b049,Bradford,7/24/2017,7/25/2017,69,70,4404.85,4474.95
489,TB17_2049,b131 x  b125,Bradford,7/21/2017,7/21/2017,66,66,4187.25,4187.25
490,TB17_2050,b111 x  b107,Bradford,7/19/2017,7/19/2017,64,64,4042.3,4042.3
491,TB17_2051,b144 x  b131,Bradford,7/18/2017,7/19/2017,63,64,3970.85,4042.3
492,TB17_2052,b131 x  b078,Bradford,7/19/2017,7/19/2017,64,64,4042.3,4042.3
493,TB17_2053,b154 x  b111,Bradford,7/21/2017,7/23/2017,66,68,4187.25,4334.5
494,TB17_2054,b044x  b004,Bradford,7/23/2017,7/21/2017,68,66,4334.5,4187.25
495,TB17_2055,b102 x  b049,Bradford,7/25/2017,7/25/2017,70,70,4474.95,4474.95
496,TB17_2056,b125 x  b057,Bradford,7/18/2017,7/21/2017,63,66,3970.85,4187.25
497,TB17_2057,b169 x  b102,Bradford,7/21/2017,7/21/2017,66,66,4187.25,4187.25
498,TB17_2058,b107x  b040,Bradford,7/21/2017,7/21/2017,66,66,4187.25,4187.25
499,TB17_2059,b065x  b015,Bradford,7/26/2017,7/27/2017,71,72,4544.6,4616.8
500,TB17_2060,b078 x  b044,Bradford,7/21/2017,7/21/2017,66,66,4187.25,4187.25
501,TB17_2061,b065x  B73,Bradford,7/19/2017,7/20/2017,64,65,4042.3,4114.35
502,TB17_2062,b065 x  b055,Bradford,7/18/2017,7/20/2017,63,65,3970.85,4114.35
503,TB17_2063,b065x  b040,Bradford,7/17/2017,7/17/2017,62,62,3900.05,3900.05
504,TB17_2064,b169x  b040,Bradford,7/20/2017,7/21/2017,65,66,4114.35,4187.25
505,TB17_2065,b065 x  b057,Bradford,7/17/2017,7/17/2017,62,62,3900.05,3900.05
506,TB17_2066,B73v4,Bradford,7/25/2017,7/25/2017,70,70,4474.95,4474.95
507,TB17_2067,b189 x  b144,Bradford,7/20/2017,7/20/2017,65,65,4114.35,4114.35
508,TB17_2068,b049x  b015,Bradford,7/24/2017,7/24/2017,69,69,4404.85,4404.85
509,TB17_2069,b169 x  b111,Bradford,7/24/2017,7/24/2017,69,69,4404.85,4404.85
510,TB17_2070,b136 x  b111,Bradford,7/19/2017,7/20/2017,64,65,4042.3,4114.35
511,TB17_2071,b175x  B73,Bradford,7/19/2017,7/19/2017,64,64,4042.3,4042.3
512,TB17_2072,b169 x  b125,Bradford,7/22/2017,7/23/2017,67,68,4260.6,4334.5
513,TB17_2073,b144x  b015,Bradford,7/17/2017,7/19/2017,62,64,3900.05,4042.3
514,TB17_2074,b049x  b004,Bradford,NA,NA,NA,NA,NA,NA
515,TB17_2075,b189 x  b065,Bradford,NA,7/21/2017,NA,66,NA,4187.25
516,TB17_2076,b004x  B73,Bradford,7/21/2017,7/23/2017,66,68,4187.25,4334.5
517,TB17_2077,b169 x  b131,Bradford,7/23/2017,7/23/2017,68,68,4334.5,4334.5
518,TB17_2078,b111 x  b102,Bradford,7/20/2017,7/21/2017,65,66,4114.35,4187.25
519,TB17_2079,b131x  b004,Bradford,7/19/2017,7/19/2017,64,64,4042.3,4042.3
520,TB17_2080,b189 x  b107,Bradford,7/19/2017,7/19/2017,64,64,4042.3,4042.3
521,TB17_2081,PHZ51,Bradford,NA,NA,NA,NA,NA,NA
522,TB17_2082,b189 x  B73,Bradford,NA,NA,NA,NA,NA,NA
523,TB17_2083,b189 x  b136,Bradford,7/19/2017,7/20/2017,64,65,4042.3,4114.35
524,TB17_2084,b125 x  b044,Bradford,7/21/2017,7/23/2017,66,68,4187.25,4334.5
525,TB17_2085,b055 x  B73,Bradford,7/18/2017,7/21/2017,63,66,3970.85,4187.25
526,TB17_2086,b189 x  b049,Bradford,7/24/2017,7/23/2017,69,68,4404.85,4334.5
527,TB17_2087,b144 x  b065,Bradford,7/17/2017,7/17/2017,62,62,3900.05,3900.05
528,TB17_2088,b154 x  b144,Bradford,7/19/2017,7/21/2017,64,66,4042.3,4187.25
529,TB17_2089,b175x  b040,Bradford,7/18/2017,7/18/2017,63,63,3970.85,3970.85
530,TB17_2090,b125 x  b078,Bradford,7/18/2017,7/19/2017,63,64,3970.85,4042.3
531,TB17_2091,b107 x  b044,Bradford,7/22/2017,7/23/2017,67,68,4260.6,4334.5
532,TB17_2092,b175 x  b154,Bradford,7/24/2017,7/25/2017,69,70,4404.85,4474.95
533,TB17_2093,b065 x  b044,Bradford,7/20/2017,7/21/2017,65,66,4114.35,4187.25
534,TB17_2094,b136 x  b055,Bradford,7/20/2017,7/21/2017,65,66,4114.35,4187.25
535,TB17_2095,b144 x  b102,Bradford,7/20/2017,7/21/2017,65,66,4114.35,4187.25
536,TB17_2096,b131x  b015,Bradford,7/21/2017,7/22/2017,66,67,4187.25,4260.6
537,TB17_2097,b125x  b040,Bradford,7/22/2017,7/22/2017,67,67,4260.6,4260.6
538,TB17_2098,b057 x  b044,Bradford,7/20/2017,7/21/2017,65,66,4114.35,4187.25
539,TB17_2099,b102x  b040,Bradford,7/18/2017,7/18/2017,63,63,3970.85,3970.85
540,TB17_2100,b169 x  b049,Bradford,7/24/2017,7/24/2017,69,69,4404.85,4404.85
541,TB17_2101,b078 x  b057,Bradford,7/20/2017,7/21/2017,65,66,4114.35,4187.25
542,TB17_2102,b144 x  b125,Bradford,7/17/2017,7/19/2017,62,64,3900.05,4042.3
543,TB17_2103,PHZ51,Bradford,NA,NA,NA,NA,NA,NA
544,TB17_2104,b015 x b044,Bradford,7/20/2017,7/20/2017,65,65,4114.35,4114.35
545,TB17_2105,b169x  b015,Bradford,7/19/2017,7/21/2017,64,66,4042.3,4187.25
546,TB17_2106,b131x  b040,Bradford,7/19/2017,7/20/2017,64,65,4042.3,4114.35
547,TB17_2107,b169 x  b044,Bradford,7/22/2017,7/21/2017,67,66,4260.6,4187.25
548,TB17_2108,b049 x  b044,Bradford,7/22/2017,7/23/2017,67,68,4260.6,4334.5
549,TB17_2109,b175 x  b169,Bradford,7/20/2017,7/21/2017,65,66,4114.35,4187.25
550,TB17_2110,b154 x  b125,Bradford,7/19/2017,7/21/2017,64,66,4042.3,4187.25
551,TB17_2111,b040x  b004,Bradford,7/24/2017,7/24/2017,69,69,4404.85,4404.85
552,TB17_2112,b131 x  b107,Bradford,7/22/2017,7/19/2017,67,64,4260.6,4042.3
553,TB17_2113,b111 x  b065,Bradford,NA,NA,NA,NA,NA,NA
554,TB17_2114,b125 x  b049,Bradford,7/21/2017,7/21/2017,66,66,4187.25,4187.25
555,TB17_2115,b125x  B73,Bradford,7/19/2017,7/21/2017,64,66,4042.3,4187.25
556,TB17_2116,PHZ51,Bradford,NA,NA,NA,NA,NA,NA
557,TB17_2117,b189 x  b169,Bradford,7/21/2017,7/21/2017,66,66,4187.25,4187.25
558,TB17_2118,b078 x  b065,Bradford,7/17/2017,7/17/2017,62,62,3900.05,3900.05
559,TB17_2119,b131x  B73,Bradford,7/20/2017,7/21/2017,65,66,4114.35,4187.25
560,TB17_2120,b154 x  b107,Bradford,7/18/2017,7/19/2017,63,64,3970.85,4042.3
561,TB17_2121,b175x  b015,Bradford,7/17/2017,7/17/2017,62,62,3900.05,3900.05
562,TB17_2122,b189 x  b044,Bradford,7/21/2017,7/22/2017,66,67,4187.25,4260.6
563,TB17_2123,B73v4,Bradford,7/17/2017,7/17/2017,62,62,3900.05,3900.05
564,TB17_2124,b078x  B73,Bradford,7/22/2017,7/23/2017,67,68,4260.6,4334.5
565,TB17_2125,b154 x  b078,Bradford,7/20/2017,7/20/2017,65,65,4114.35,4114.35
566,TB17_2126,b111 x  b078,Bradford,7/20/2017,7/21/2017,65,66,4114.35,4187.25
567,TB17_2127,b144 x  b136,Bradford,7/17/2017,7/17/2017,62,62,3900.05,3900.05
568,TB17_2128,b040x  B73,Bradford,7/19/2017,7/20/2017,64,65,4042.3,4114.35
569,TB17_2129,b111x  b004,Bradford,NA,NA,NA,NA,NA,NA
570,TB17_2130,b107 x  b049,Bradford,7/23/2017,7/23/2017,68,68,4334.5,4334.5
571,TB17_2131,b107 x  b055,Bradford,7/22/2017,7/22/2017,67,67,4260.6,4260.6
572,TB17_2132,b154x  b015,Bradford,7/22/2017,7/23/2017,67,68,4260.6,4334.5
573,TB17_2133,b169x  B73,Bradford,7/22/2017,7/22/2017,67,67,4260.6,4260.6
574,TB17_2134,b111 x  b055,Bradford,NA,NA,NA,NA,NA,NA
575,TB17_2135,b107x  b004,Bradford,7/21/2017,7/21/2017,66,66,4187.25,4187.25
576,TB17_2136,b055x  b015,Bradford,7/19/2017,7/19/2017,64,64,4042.3,4042.3
577,TB17_2137,b111 x  b049,Bradford,7/22/2017,7/23/2017,67,68,4260.6,4334.5
578,TB17_2138,b065x  B73,Bradford,7/18/2017,7/18/2017,63,63,3970.85,3970.85
579,TB17_2139,b057 x  B73,Bradford,7/20/2017,7/23/2017,65,68,4114.35,4334.5
580,TB17_2140,b102 x  b057,Bradford,7/23/2017,7/23/2017,68,68,4334.5,4334.5
581,TB17_2141,b154 x  b057,Bradford,7/20/2017,7/20/2017,65,65,4114.35,4114.35
582,TB17_2142,b169 x  b065,Bradford,7/20/2017,7/20/2017,65,65,4114.35,4114.35
583,TB17_2143,b136x  b040,Bradford,7/18/2017,7/18/2017,63,63,3970.85,3970.85
584,TB17_2144,b078 x  b049,Bradford,7/20/2017,7/21/2017,65,66,4114.35,4187.25
585,TB17_2145,b154x  b004,Bradford,7/20/2017,7/20/2017,65,65,4114.35,4114.35
586,TB17_2146,b144x  B73,Bradford,7/19/2017,7/20/2017,64,65,4042.3,4114.35
587,TB17_2147,B73v4,Bradford,NA,NA,NA,NA,NA,NA
588,TB17_2148,b078x  b004,Bradford,7/24/2017,7/23/2017,69,68,4404.85,4334.5
589,TB17_2149,b125 x  b055,Bradford,7/20/2017,7/23/2017,65,68,4114.35,4334.5
590,TB17_2150,b102x  B73,Bradford,7/21/2017,7/21/2017,66,66,4187.25,4187.25
591,TB17_2151,b136 x  b125,Bradford,7/20/2017,7/20/2017,65,65,4114.35,4114.35
592,TB17_2152,b057 x  b055,Bradford,7/22/2017,7/23/2017,67,68,4260.6,4334.5
593,TB17_2153,b175 x  b111,Bradford,7/18/2017,7/19/2017,63,64,3970.85,4042.3
594,TB17_2154,b189 x  b078,Bradford,7/17/2017,7/17/2017,62,62,3900.05,3900.05
595,TB17_2155,b144 x  b107,Bradford,7/18/2017,7/18/2017,63,63,3970.85,3970.85
596,TB17_2156,b175 x  b057,Bradford,7/18/2017,7/18/2017,63,63,3970.85,3970.85
597,TB17_2157,b102x  b004,Bradford,7/19/2017,7/21/2017,64,66,4042.3,4187.25
598,TB17_2158,b065 x  b049,Bradford,7/18/2017,7/18/2017,63,63,3970.85,3970.85
599,TB17_2159,b015x  B73,Bradford,7/17/2017,7/19/2017,62,64,3900.05,4042.3
600,TB17_2160,b144 x  b044,Bradford,7/19/2017,7/19/2017,64,64,4042.3,4042.3
601,TB17_2161,b049x  b040,Bradford,7/22/2017,7/22/2017,67,67,4260.6,4260.6
602,TB17_2162,b055x  b040,Bradford,NA,NA,NA,NA,NA,NA
603,TB17_2163,b125 x  b102,Bradford,7/18/2017,7/19/2017,63,64,3970.85,4042.3
604,TB17_2164,b111x  B73,Bradford,7/18/2017,7/18/2017,63,63,3970.85,3970.85
605,TB17_2165,b131 x  b102,Bradford,7/21/2017,7/21/2017,66,66,4187.25,4187.25
606,TB17_2166,b131 x  b044,Bradford,7/21/2017,7/21/2017,66,66,4187.25,4187.25
607,TB17_2167,b154 x  b102,Bradford,7/20/2017,7/20/2017,65,65,4114.35,4114.35
608,TB17_2168,b111x  b040,Bradford,7/24/2017,7/24/2017,69,69,4404.85,4404.85
609,TB17_2169,b169x  b004,Bradford,7/20/2017,7/20/2017,65,65,4114.35,4114.35
610,TB17_2170,b057x  b015,Bradford,7/17/2017,7/16/2017,62,61,3900.05,3830.7
611,TB17_2171,b125 x  b111,Bradford,7/21/2017,7/22/2017,66,67,4187.25,4260.6
612,TB17_2172,b136x  b004,Bradford,7/19/2017,7/19/2017,64,64,4042.3,4042.3
613,TB17_2173,b111x  B73,Bradford,7/19/2017,7/20/2017,64,65,4042.3,4114.35
614,TB17_2174,b154 x  b136,Bradford,7/17/2017,7/17/2017,62,62,3900.05,3900.05
615,TB17_2175,b154 x  b065,Bradford,7/17/2017,7/16/2017,62,61,3900.05,3830.7
616,TB17_2176,b189x  b015,Bradford,7/17/2017,7/20/2017,62,65,3900.05,4114.35
617,TB17_2177,b102x  b015,Bradford,7/17/2017,7/17/2017,62,62,3900.05,3900.05
618,TB17_2178,b189x  b040,Bradford,7/17/2017,7/17/2017,62,62,3900.05,3900.05
619,TB17_2179,b154x  b040,Bradford,NA,NA,NA,NA,NA,NA
620,TB17_2180,b125 x  b065,Bradford,7/20/2017,7/21/2017,65,66,4114.35,4187.25
621,TB17_2181,b175 x  b131,Bradford,7/17/2017,7/17/2017,62,62,3900.05,3900.05
622,TB17_2182,b078x  b015,Bradford,7/17/2017,7/17/2017,62,62,3900.05,3900.05
623,TB17_2183,b125x  B73,Bradford,7/18/2017,7/19/2017,63,64,3970.85,4042.3
624,TB17_2184,b102 x  b078,Bradford,7/19/2017,7/19/2017,64,64,4042.3,4042.3
625,TB17_2185,b169 x  b057,Bradford,7/20/2017,7/21/2017,65,66,4114.35,4187.25
626,TB17_2186,b102 x  b055,Bradford,7/18/2017,7/19/2017,63,64,3970.85,4042.3
627,TB17_2187,b102 x  b044,Bradford,7/19/2017,7/20/2017,64,65,4042.3,4114.35
628,TB17_2188,b169 x  b055,Bradford,7/23/2017,7/24/2017,68,69,4334.5,4404.85
629,TB17_2189,b004x  B73,Bradford,7/21/2017,7/24/2017,66,69,4187.25,4404.85
630,TB17_2190,b057x  b040,Bradford,7/19/2017,7/21/2017,64,66,4042.3,4187.25
631,TB17_2191,b175 x  b136,Bradford,7/17/2017,7/17/2017,62,62,3900.05,3900.05
632,TB17_2192,b144x  B73,Bradford,7/23/2017,7/24/2017,68,69,4334.5,4404.85
633,TB17_2193,b057 x  B73,Bradford,7/19/2017,7/21/2017,64,66,4042.3,4187.25
634,TB17_2194,b144x  b040,Bradford,NA,NA,NA,NA,NA,NA
635,TB17_2195,b040x  b015,Bradford,NA,NA,NA,NA,NA,NA
636,TB17_2196,b175 x  b078,Bradford,7/19/2017,7/20/2017,64,65,4042.3,4114.35
637,TB17_2197,b040x  B73,Bradford,NA,NA,NA,NA,NA,NA
638,TB17_2198,b055 x  B73,Bradford,7/19/2017,7/20/2017,64,65,4042.3,4114.35
639,TB17_2199,b154 x  b055,Bradford,7/18/2017,7/19/2017,63,64,3970.85,4042.3
640,TB17_2200,b111 x  b057,Bradford,NA,NA,NA,NA,NA,NA
641,TB17_2201,b131 x  b057,Bradford,7/19/2017,7/19/2017,64,64,4042.3,4042.3
642,TB17_2202,b065x  b004,Bradford,7/20/2017,7/20/2017,65,65,4114.35,4114.35
643,TB17_2203,b107x  B73,Bradford,7/19/2017,7/18/2017,64,63,4042.3,3970.85
644,TB17_2204,b175 x  b065,Bradford,7/20/2017,7/21/2017,65,66,4114.35,4187.25
645,TB17_2205,b144x  b004,Bradford,7/21/2017,7/21/2017,66,66,4187.25,4187.25
646,TB17_2206,b125 x  b107,Bradford,7/20/2017,7/21/2017,65,66,4114.35,4187.25
647,TB17_2207,b057x  b004,Bradford,7/18/2017,7/20/2017,63,65,3970.85,4114.35
648,TB17_2208,b154 x  B73,Bradford,7/19/2017,7/19/2017,64,64,4042.3,4042.3
649,TB17_2209,b107 x  b065,Bradford,7/20/2017,7/19/2017,65,64,4114.35,4042.3
650,TB17_2210,b049x  B73,Bradford,7/20/2017,7/20/2017,65,65,4114.35,4114.35
651,TB17_2211,b015x  b004,Bradford,7/17/2017,7/18/2017,62,63,3900.05,3970.85
652,TB17_2212,b102x  B73,Bradford,7/20/2017,7/21/2017,65,66,4114.35,4187.25
653,TB17_2213,b136 x  b102,Bradford,7/20/2017,7/20/2017,65,65,4114.35,4114.35
654,TB17_2214,b154 x  b131,Bradford,7/18/2017,7/19/2017,63,64,3970.85,4042.3
655,TB17_2215,b125x  b004,Bradford,7/18/2017,7/19/2017,63,64,3970.85,4042.3
656,TB17_2216,b189 x  b175,Bradford,7/17/2017,7/17/2017,62,62,3900.05,3900.05
657,TB17_2217,b189x  b004,Bradford,7/18/2017,7/19/2017,63,64,3970.85,4042.3
658,TB17_2218,b136x  b015,Bradford,7/17/2017,7/18/2017,62,63,3900.05,3970.85
659,TB17_2219,b078x  B73,Bradford,7/18/2017,7/19/2017,63,64,3970.85,4042.3
660,TB17_2220,b144 x  b111,Bradford,7/17/2017,7/19/2017,62,64,3900.05,4042.3
661,TB17_2221,b015x  b004,Bradford,7/17/2017,7/18/2017,62,63,3900.05,3970.85
662,TB17_2222,b111 x  b078,Bradford,7/18/2017,7/20/2017,63,65,3970.85,4114.35
663,TB17_2223,b057 x  b055,Bradford,7/22/2017,7/23/2017,67,68,4260.6,4334.5
664,TB17_2224,b131x  b015,Bradford,7/18/2017,7/18/2017,63,63,3970.85,3970.85
665,TB17_2225,b169 x  b102,Bradford,7/20/2017,7/20/2017,65,65,4114.35,4114.35
666,TB17_2226,b154 x  b125,Bradford,7/17/2017,7/19/2017,62,64,3900.05,4042.3
667,TB17_2227,b154 x  b044,Bradford,7/20/2017,7/20/2017,65,65,4114.35,4114.35
668,TB17_2228,b055x  b004,Bradford,7/20/2017,7/20/2017,65,65,4114.35,4114.35
669,TB17_2229,b078 x  b065,Bradford,7/17/2017,7/17/2017,62,62,3900.05,3900.05
670,TB17_2230,b065x  B73,Bradford,7/20/2017,7/20/2017,65,65,4114.35,4114.35
671,TB17_2231,b189 x  b049,Bradford,7/20/2017,7/21/2017,65,66,4114.35,4187.25
672,TB17_2232,b144x  b015,Bradford,7/18/2017,7/18/2017,63,63,3970.85,3970.85
673,TB17_2233,b107x  b040,Bradford,7/18/2017,7/19/2017,63,64,3970.85,4042.3
674,TB17_2234,PHZ51,Bradford,NA,NA,NA,NA,NA,NA
675,TB17_2235,b125 x  b065,Bradford,7/17/2017,7/17/2017,62,62,3900.05,3900.05
676,TB17_2236,b065 x  b044,Bradford,7/20/2017,7/20/2017,65,65,4114.35,4114.35
677,TB17_2237,b144 x  b111,Bradford,7/19/2017,7/20/2017,64,65,4042.3,4114.35
678,TB17_2238,b175 x  b102,Bradford,NA,7/19/2017,NA,64,NA,4042.3
679,TB17_2239,b107 x  b102,Bradford,7/23/2017,7/23/2017,68,68,4334.5,4334.5
680,TB17_2240,b136 x  b111,Bradford,7/22/2017,7/23/2017,67,68,4260.6,4334.5
681,TB17_2241,PHZ51,Bradford,NA,NA,NA,NA,NA,NA
682,TB17_2242,b078x  B73,Bradford,7/21/2017,7/21/2017,66,66,4187.25,4187.25
683,TB17_2243,b175 x  b111,Bradford,7/17/2017,7/18/2017,62,63,3900.05,3970.85
684,TB17_2244,b107x  b015,Bradford,7/18/2017,7/19/2017,63,64,3970.85,4042.3
685,TB17_2245,b136 x  b125,Bradford,7/18/2017,7/19/2017,63,64,3970.85,4042.3
686,TB17_2246,b078 x  b049,Bradford,7/20/2017,7/20/2017,65,65,4114.35,4114.35
687,TB17_2247,b107 x  b057,Bradford,7/18/2017,7/19/2017,63,64,3970.85,4042.3
688,TB17_2248,b049x  B73,Bradford,NA,NA,NA,NA,NA,NA
689,TB17_2249,b111x  b015,Bradford,7/22/2017,7/23/2017,67,68,4260.6,4334.5
690,TB17_2250,b154x  b015,Bradford,7/18/2017,7/17/2017,63,62,3970.85,3900.05
691,TB17_2251,b189 x  b125,Bradford,7/18/2017,7/20/2017,63,65,3970.85,4114.35
692,TB17_2252,b169x  b004,Bradford,7/22/2017,7/22/2017,67,67,4260.6,4260.6
693,TB17_2253,b049x  b015,Bradford,7/18/2017,7/20/2017,63,65,3970.85,4114.35
694,TB17_2254,b107 x  b049,Bradford,NA,NA,NA,NA,NA,NA
695,TB17_2255,b102x  b004,Bradford,7/20/2017,7/20/2017,65,65,4114.35,4114.35
696,TB17_2256,b169 x  b154,Bradford,7/20/2017,7/21/2017,65,66,4114.35,4187.25
697,TB17_2257,b175 x  b169,Bradford,7/20/2017,7/22/2017,65,67,4114.35,4260.6
698,TB17_2258,b154 x  b131,Bradford,7/19/2017,7/20/2017,64,65,4042.3,4114.35
699,TB17_2259,b131x  b040,Bradford,NA,NA,NA,NA,NA,NA
700,TB17_2260,b189 x  b131,Bradford,7/18/2017,7/19/2017,63,64,3970.85,4042.3
701,TB17_2261,b189 x  b111,Bradford,7/18/2017,7/20/2017,63,65,3970.85,4114.35
702,TB17_2262,b154 x  b107,Bradford,7/22/2017,7/22/2017,67,67,4260.6,4260.6
703,TB17_2263,b175 x  b065,Bradford,7/17/2017,7/17/2017,62,62,3900.05,3900.05
704,TB17_2264,b175 x  b136,Bradford,7/17/2017,7/17/2017,62,62,3900.05,3900.05
705,TB17_2265,b189 x  b169,Bradford,NA,NA,NA,NA,NA,NA
706,TB17_2266,b065 x  b055,Bradford,7/24/2017,7/24/2017,69,69,4404.85,4404.85
707,TB17_2267,b102x  b015,Bradford,7/17/2017,7/19/2017,62,64,3900.05,4042.3
708,TB17_2268,b102 x  b078,Bradford,7/18/2017,7/19/2017,63,64,3970.85,4042.3
709,TB17_2269,b131 x  b107,Bradford,7/21/2017,7/22/2017,66,67,4187.25,4260.6
710,TB17_2270,b169 x  b111,Bradford,7/19/2017,7/20/2017,64,65,4042.3,4114.35
711,TB17_2271,b125 x  b078,Bradford,7/17/2017,7/17/2017,62,62,3900.05,3900.05
712,TB17_2272,b107 x  b055,Bradford,7/17/2017,7/17/2017,62,62,3900.05,3900.05
713,TB17_2273,b107 x  b044,Bradford,7/18/2017,7/19/2017,63,64,3970.85,4042.3
714,TB17_2274,b154 x  b078,Bradford,7/18/2017,7/19/2017,63,64,3970.85,4042.3
715,TB17_2275,b144x  B73,Bradford,7/20/2017,7/22/2017,65,67,4114.35,4260.6
716,TB17_2276,b065x  b015,Bradford,NA,NA,NA,NA,NA,NA
717,TB17_2277,b154 x  b065,Bradford,NA,7/20/2017,NA,65,NA,4114.35
718,TB17_2278,b131 x  b065,Bradford,7/18/2017,7/20/2017,63,65,3970.85,4114.35
719,TB17_2279,b144 x  b057,Bradford,7/18/2017,7/19/2017,63,64,3970.85,4042.3
720,TB17_2280,b154 x  b144,Bradford,7/17/2017,7/17/2017,62,62,3900.05,3900.05
721,TB17_2281,b102 x  b049,Bradford,7/20/2017,7/20/2017,65,65,4114.35,4114.35
722,TB17_2282,b125 x  b055,Bradford,7/18/2017,7/20/2017,63,65,3970.85,4114.35
723,TB17_2283,b175x  B73,Bradford,7/17/2017,7/17/2017,62,62,3900.05,3900.05
724,TB17_2284,b189x  b040,Bradford,7/20/2017,7/20/2017,65,65,4114.35,4114.35
725,TB17_2285,b057x  b040,Bradford,7/19/2017,7/21/2017,64,66,4042.3,4187.25
726,TB17_2286,b175 x  b078,Bradford,7/19/2017,7/19/2017,64,64,4042.3,4042.3
727,TB17_2287,b175x  b040,Bradford,7/17/2017,7/17/2017,62,62,3900.05,3900.05
728,TB17_2288,b154x  b040,Bradford,7/24/2017,7/25/2017,69,70,4404.85,4474.95
729,TB17_2289,b169x  b040,Bradford,7/19/2017,7/19/2017,64,64,4042.3,4042.3
730,TB17_2290,b189 x  b107,Bradford,7/18/2017,7/20/2017,63,65,3970.85,4114.35
731,TB17_2291,b144 x  b107,Bradford,7/18/2017,7/17/2017,63,62,3970.85,3900.05
732,TB17_2292,b189 x  B73,Bradford,NA,NA,NA,NA,NA,NA
733,TB17_2293,b055 x  b049,Bradford,7/20/2017,7/21/2017,65,66,4114.35,4187.25
734,TB17_2294,b111 x  b044,Bradford,7/21/2017,7/21/2017,66,66,4187.25,4187.25
735,TB17_2295,b107 x  b065,Bradford,NA,NA,NA,NA,NA,NA
736,TB17_2296,b107x  B73,Bradford,7/20/2017,7/22/2017,65,67,4114.35,4260.6
737,TB17_2297,b004x  B73,Bradford,7/19/2017,7/19/2017,64,64,4042.3,4042.3
738,TB17_2298,b065 x  b049,Bradford,7/17/2017,7/18/2017,62,63,3900.05,3970.85
739,TB17_2299,b125 x  b107,Bradford,7/18/2017,7/18/2017,63,63,3970.85,3970.85
740,TB17_2300,b175 x  b131,Bradford,7/18/2017,7/17/2017,63,62,3970.85,3900.05
741,TB17_2301,b169 x  b049,Bradford,7/24/2017,7/22/2017,69,67,4404.85,4260.6
742,TB17_2302,b175 x  b144,Bradford,7/17/2017,7/17/2017,62,62,3900.05,3900.05
743,TB17_2303,b111 x  b065,Bradford,NA,NA,NA,NA,NA,NA
744,TB17_2304,b065x  b004,Bradford,7/22/2017,7/22/2017,67,67,4260.6,4260.6
745,TB17_2305,b154 x  b057,Bradford,7/18/2017,7/19/2017,63,64,3970.85,4042.3
746,TB17_2306,b055 x  B73,Bradford,7/18/2017,7/19/2017,63,64,3970.85,4042.3
747,TB17_2307,b144x  b040,Bradford,7/17/2017,7/18/2017,62,63,3900.05,3970.85
748,TB17_2308,b175 x  b125,Bradford,NA,7/17/2017,NA,62,NA,3900.05
749,TB17_2309,b136x  b004,Bradford,7/18/2017,7/18/2017,63,63,3970.85,3970.85
750,TB17_2310,b136x  b040,Bradford,7/17/2017,7/17/2017,62,62,3900.05,3900.05
751,TB17_2311,PHZ51,Bradford,NA,NA,NA,NA,NA,NA
752,TB17_2312,b125x  b040,Bradford,7/22/2017,7/23/2017,67,68,4260.6,4334.5
753,TB17_2313,b175x  B73,Bradford,7/19/2017,7/20/2017,64,65,4042.3,4114.35
754,TB17_2314,B73v4,Bradford,7/22/2017,7/21/2017,67,66,4260.6,4187.25
755,TB17_2315,b078 x  b057,Bradford,7/17/2017,7/17/2017,62,62,3900.05,3900.05
756,TB17_2316,b169 x  b065,Bradford,7/19/2017,7/20/2017,64,65,4042.3,4114.35
757,TB17_2317,b169 x  b044,Bradford,7/22/2017,7/22/2017,67,67,4260.6,4260.6
758,TB17_2318,b065 x  b057,Bradford,7/20/2017,7/21/2017,65,66,4114.35,4187.25
759,TB17_2319,b057 x  B73,Bradford,7/18/2017,7/19/2017,63,64,3970.85,4042.3
760,TB17_2320,b102 x  b057,Bradford,7/18/2017,7/19/2017,63,64,3970.85,4042.3
761,TB17_2321,b040x  B73,Bradford,NA,NA,NA,NA,NA,NA
762,TB17_2322,PHZ51,Bradford,NA,NA,NA,NA,NA,NA
763,TB17_2323,b169x  b015,Bradford,7/19/2017,7/21/2017,64,66,4042.3,4187.25
764,TB17_2324,b144x  B73,Bradford,7/18/2017,7/20/2017,63,65,3970.85,4114.35
765,TB17_2325,b040x  b004,Bradford,7/25/2017,7/25/2017,70,70,4474.95,4474.95
766,TB17_2326,b111 x  b102,Bradford,7/18/2017,7/20/2017,63,65,3970.85,4114.35
767,TB17_2327,b144 x  b044,Bradford,7/18/2017,7/19/2017,63,64,3970.85,4042.3
768,TB17_2328,PHZ51,Bradford,NA,NA,NA,NA,NA,NA
769,TB17_2329,b189 x  b044,Bradford,7/18/2017,7/19/2017,63,64,3970.85,4042.3
770,TB17_2330,b107x  B73,Bradford,7/19/2017,7/20/2017,64,65,4042.3,4114.35
771,TB17_2331,PHZ51,Bradford,NA,NA,NA,NA,NA,NA
772,TB17_2332,PHZ51,Bradford,NA,NA,NA,NA,NA,NA
773,TB17_2333,b015 x b044,Bradford,7/17/2017,7/19/2017,62,64,3900.05,4042.3
774,TB17_2334,b111x  B73,Bradford,7/20/2017,7/21/2017,65,66,4114.35,4187.25
775,TB17_2335,b169x  B73,Bradford,7/20/2017,7/21/2017,65,66,4114.35,4187.25
776,TB17_2336,b131 x  b078,Bradford,7/17/2017,7/17/2017,62,62,3900.05,3900.05
777,TB17_2337,b131 x  b102,Bradford,7/18/2017,7/17/2017,63,62,3970.85,3900.05
778,TB17_2338,b055 x  B73,Bradford,7/18/2017,7/19/2017,63,64,3970.85,4042.3
779,TB17_2339,b125 x  b049,Bradford,NA,NA,NA,NA,NA,NA
780,TB17_2340,b125x  b004,Bradford,7/20/2017,7/23/2017,65,68,4114.35,4334.5
781,TB17_2341,PHZ51,Bradford,NA,NA,NA,NA,NA,NA
782,TB17_2342,b175 x  b044,Bradford,7/20/2017,7/22/2017,65,67,4114.35,4260.6
783,TB17_2343,b144 x  b102,Bradford,7/19/2017,7/19/2017,64,64,4042.3,4042.3
784,TB17_2344,b111x  b040,Bradford,NA,NA,NA,NA,NA,NA
785,TB17_2345,b189 x  b136,Bradford,7/17/2017,7/17/2017,62,62,3900.05,3900.05
786,TB17_2346,b189 x  b102,Bradford,7/18/2017,7/19/2017,63,64,3970.85,4042.3
787,TB17_2347,b169 x  b125,Bradford,7/20/2017,7/20/2017,65,65,4114.35,4114.35
788,TB17_2348,b055 x  b044,Bradford,7/21/2017,7/21/2017,66,66,4187.25,4187.25
789,TB17_2349,b102 x  b044,Bradford,7/22/2017,7/21/2017,67,66,4260.6,4187.25
790,TB17_2350,b154 x  b111,Bradford,7/19/2017,7/20/2017,64,65,4042.3,4114.35
791,TB17_2351,b102x  B73,Bradford,7/20/2017,7/21/2017,65,66,4114.35,4187.25
792,TB17_2352,b144 x  b131,Bradford,7/22/2017,7/22/2017,67,67,4260.6,4260.6
793,TB17_2353,b175 x  b057,Bradford,7/18/2017,7/20/2017,63,65,3970.85,4114.35
794,TB17_2354,b125 x  b111,Bradford,7/22/2017,7/23/2017,67,68,4260.6,4334.5
795,TB17_2355,b169 x  b057,Bradford,7/18/2017,7/19/2017,63,64,3970.85,4042.3
796,TB17_2356,b057x  b004,Bradford,7/18/2017,7/21/2017,63,66,3970.85,4187.25
797,TB17_2357,b131x  B73,Bradford,7/18/2017,7/19/2017,63,64,3970.85,4042.3
798,TB17_2358,b125x  B73,Bradford,7/18/2017,7/20/2017,63,65,3970.85,4114.35
799,TB17_2359,b111x  B73,Bradford,7/19/2017,7/20/2017,64,65,4042.3,4114.35
800,TB17_2360,b111 x  b049,Bradford,7/18/2017,7/19/2017,63,64,3970.85,4042.3
801,TB17_2361,b136x  b015,Bradford,7/24/2017,7/25/2017,69,70,4404.85,4474.95
802,TB17_2362,b125x  b015,Bradford,7/18/2017,7/19/2017,63,64,3970.85,4042.3
803,TB17_2363,b189 x  b057,Bradford,7/20/2017,7/21/2017,65,66,4114.35,4187.25
804,TB17_2364,b169 x  b131,Bradford,7/20/2017,7/19/2017,65,64,4114.35,4042.3
805,TB17_2365,b175x  b004,Bradford,7/18/2017,7/18/2017,63,63,3970.85,3970.85
806,TB17_2366,b131 x  b055,Bradford,7/17/2017,7/19/2017,62,64,3900.05,4042.3
807,TB17_2367,b169x  B73,Bradford,7/19/2017,7/19/2017,64,64,4042.3,4042.3
808,TB17_2368,b102 x  b055,Bradford,7/18/2017,7/20/2017,63,65,3970.85,4114.35
809,TB17_2369,b144 x  b055,Bradford,7/19/2017,7/21/2017,64,66,4042.3,4187.25
810,TB17_2370,b189 x  b065,Bradford,7/18/2017,7/20/2017,63,65,3970.85,4114.35
811,TB17_2371,B73v4,Bradford,7/18/2017,7/19/2017,63,64,3970.85,4042.3
812,TB17_2372,b125 x  b044,Bradford,7/20/2017,7/20/2017,65,65,4114.35,4114.35
813,TB17_2373,b057x  b015,Bradford,7/18/2017,7/19/2017,63,64,3970.85,4042.3
814,TB17_2374,b102 x  b065,Bradford,7/17/2017,7/17/2017,62,62,3900.05,3900.05
815,TB17_2375,b049x  b040,Bradford,7/18/2017,7/20/2017,63,65,3970.85,4114.35
816,TB17_2376,b175 x  b107,Bradford,7/18/2017,7/18/2017,63,63,3970.85,3970.85
817,TB17_2377,b136 x  b065,Bradford,7/19/2017,7/19/2017,64,64,4042.3,4042.3
818,TB17_2378,b131x  B73,Bradford,7/18/2017,7/18/2017,63,63,3970.85,3970.85
819,TB17_2379,b111 x  b107,Bradford,7/20/2017,7/20/2017,65,65,4114.35,4114.35
820,TB17_2380,b004x  B73,Bradford,7/20/2017,7/22/2017,65,67,4114.35,4260.6
821,TB17_2381,b102x  B73,Bradford,7/20/2017,7/22/2017,65,67,4114.35,4260.6
822,TB17_2382,b154 x  b049,Bradford,7/18/2017,7/20/2017,63,65,3970.85,4114.35
823,TB17_2383,b144x  b004,Bradford,7/17/2017,7/17/2017,62,62,3900.05,3900.05
824,TB17_2384,b189x  b004,Bradford,7/17/2017,7/19/2017,62,64,3900.05,4042.3
825,TB17_2385,b111x  b004,Bradford,NA,NA,NA,NA,NA,NA
826,TB17_2386,b107 x  b078,Bradford,7/20/2017,7/20/2017,65,65,4114.35,4114.35
827,TB17_2387,b131 x  b049,Bradford,7/18/2017,7/18/2017,63,63,3970.85,3970.85
828,TB17_2388,b055x  b040,Bradford,7/18/2017,7/19/2017,63,64,3970.85,4042.3
829,TB17_2389,B73v4,Bradford,7/18/2017,7/19/2017,63,64,3970.85,4042.3
830,TB17_2390,b154 x  b055,Bradford,7/18/2017,7/19/2017,63,64,3970.85,4042.3
831,TB17_2391,B73v4,Bradford,7/19/2017,7/20/2017,64,65,4042.3,4114.35
832,TB17_2392,b057 x  b049,Bradford,7/19/2017,7/20/2017,64,65,4042.3,4114.35
833,TB17_2393,b131 x  b125,Bradford,7/18/2017,7/19/2017,63,64,3970.85,4042.3
834,TB17_2394,b189 x  b078,Bradford,7/17/2017,7/19/2017,62,64,3900.05,4042.3
835,TB17_2395,b040x  B73,Bradford,7/19/2017,7/19/2017,64,64,4042.3,4042.3
836,TB17_2396,b102x  b040,Bradford,7/18/2017,7/18/2017,63,63,3970.85,3970.85
837,TB17_2397,b125 x  b102,Bradford,7/21/2017,7/23/2017,66,68,4187.25,4334.5
838,TB17_2398,b189 x  b154,Bradford,NA,NA,NA,NA,NA,NA
839,TB17_2399,b154 x  b102,Bradford,7/20/2017,7/20/2017,65,65,4114.35,4114.35
840,TB17_2400,b144 x  b136,Bradford,7/19/2017,7/23/2017,64,68,4042.3,4334.5
841,TB17_2401,b136 x  b102,Bradford,7/20/2017,7/20/2017,65,65,4114.35,4114.35
842,TB17_2402,b107x  b004,Bradford,7/18/2017,7/19/2017,63,64,3970.85,4042.3
843,TB17_2403,b189 x  b175,Bradford,7/18/2017,7/18/2017,63,63,3970.85,3970.85
844,TB17_2404,b144 x  b125,Bradford,7/18/2017,7/18/2017,63,63,3970.85,3970.85
845,TB17_2405,b057 x  B73,Bradford,7/20/2017,7/23/2017,65,68,4114.35,4334.5
846,TB17_2406,b175 x  b154,Bradford,7/18/2017,7/18/2017,63,63,3970.85,3970.85
847,TB17_2407,b065x  b040,Bradford,7/17/2017,7/17/2017,62,62,3900.05,3900.05
848,TB17_2408,b136 x  b055,Bradford,7/18/2017,7/18/2017,63,63,3970.85,3970.85
849,TB17_2409,b144 x  b065,Bradford,7/18/2017,7/18/2017,63,63,3970.85,3970.85
850,TB17_2410,PHZ51,Bradford,NA,NA,NA,NA,NA,NA
851,TB17_2411,b049x  B73,Bradford,7/20/2017,7/20/2017,65,65,4114.35,4114.35
852,TB17_2412,b131 x  b044,Bradford,7/20/2017,7/21/2017,65,66,4114.35,4187.25
853,TB17_2413,b044x  b004,Bradford,7/22/2017,7/22/2017,67,67,4260.6,4260.6
854,TB17_2414,b125x  B73,Bradford,7/19/2017,7/21/2017,64,66,4042.3,4187.25
855,TB17_2415,b078x  b015,Bradford,7/17/2017,7/20/2017,62,65,3900.05,4114.35
856,TB17_2416,b015x  B73,Bradford,7/22/2017,7/21/2017,67,66,4260.6,4187.25
857,TB17_2417,b111 x  b057,Bradford,7/20/2017,7/23/2017,65,68,4114.35,4334.5
858,TB17_2418,b154 x  b136,Bradford,7/18/2017,7/20/2017,63,65,3970.85,4114.35
859,TB17_2419,b189 x  b144,Bradford,7/23/2017,7/24/2017,68,69,4334.5,4404.85
860,TB17_2420,b136x  B73,Bradford,7/18/2017,7/18/2017,63,63,3970.85,3970.85
861,TB17_2421,b125 x  b057,Bradford,7/19/2017,7/23/2017,64,68,4042.3,4334.5
862,TB17_2422,b154 x  B73,Bradford,7/19/2017,7/19/2017,64,64,4042.3,4042.3
863,TB17_2423,b175 x  b055,Bradford,7/17/2017,7/17/2017,62,62,3900.05,3900.05
864,TB17_2424,b154x  b004,Bradford,NA,NA,NA,NA,NA,NA
865,TB17_2425,b131 x  b111,Bradford,7/21/2017,7/22/2017,66,67,4187.25,4260.6
866,TB17_2426,b154 x  B73,Bradford,7/20/2017,7/21/2017,65,66,4114.35,4187.25
867,TB17_2427,b131 x  b057,Bradford,7/18/2017,7/18/2017,63,63,3970.85,3970.85
868,TB17_2428,b015x  B73,Bradford,7/18/2017,7/19/2017,63,64,3970.85,4042.3
869,TB17_2429,b111 x  b055,Bradford,7/22/2017,7/21/2017,67,66,4260.6,4187.25
870,TB17_2430,b189 x  b055,Bradford,7/18/2017,7/20/2017,63,65,3970.85,4114.35
871,TB17_2431,b131x  b004,Bradford,7/20/2017,7/18/2017,65,63,4114.35,3970.85
872,TB17_2432,b049x  b004,Bradford,NA,NA,NA,NA,NA,NA
873,TB17_2433,b057 x  b044,Bradford,7/22/2017,7/23/2017,67,68,4260.6,4334.5
874,TB17_2434,b175x  b015,Bradford,7/17/2017,7/17/2017,62,62,3900.05,3900.05
875,TB17_2435,b169 x  b055,Bradford,7/19/2017,7/20/2017,64,65,4042.3,4114.35
876,TB17_2436,b136 x  b044,Bradford,7/18/2017,7/20/2017,63,65,3970.85,4114.35
877,TB17_2437,b189x  b015,Bradford,7/22/2017,7/21/2017,67,66,4260.6,4187.25
878,TB17_2438,b169 x  b107,Bradford,7/18/2017,7/19/2017,63,64,3970.85,4042.3
879,TB17_2439,b040x  b015,Bradford,7/18/2017,7/19/2017,63,64,3970.85,4042.3
880,TB17_2440,b055x  b015,Bradford,NA,NA,NA,NA,NA,NA
