row,genotype,location,Anthesis,Silk,Days to Anthesis,Days to Silk,Anthesis GDD,Silking GDD
TB17  589,b125x  b015,Genetics,7/19/2017,7/20/2017,63,64,,
TB17  590,b169 x  b154,Genetics,7/21/2017,7/22/2017,65,66,,
TB17  591,b107 x  b065,Genetics,7/23/2017,7/22/2017,67,66,,
TB17  592,b189 x  b125,Genetics,7/27/2017,7/27/2017,71,71,,
TB17  593,PHZ51,Genetics,NA,NA,NA,NA,,
TB17  594,b169 x  b111,Genetics,7/22/2017,7/22/2017,66,66,,
TB17  595,b175 x  b144,Genetics,7/19/2017,7/19/2017,63,63,,
TB17  596,b111x  B73,Genetics,7/24/2017,7/26/2017,68,70,,
TB17  597  ,PHZ51,Genetics,NA,NA,NA,NA,,
TB17  598,b125x  b004,Genetics,7/21/2017,7/22/2017,65,66,,
TB17  599,b144 x  b057,Genetics,7/27/2017,7/27/2017,71,71,,
TB17  600,b111 x  b057,Genetics,NA,NA,NA,NA,,
TB17  601,b154x  b004,Genetics,7/25/2017,7/27/2017,69,71,,
TB17  602,b102 x  b065,Genetics,7/25/2017,7/25/2017,69,69,,
TB17  603,b189 x  b111,Genetics,7/24/2017,7/24/2017,68,68,,
TB17  604,B73v4,Genetics,7/21/2017,7/22/2017,65,66,,
TB17  605,b175x  b015,Genetics,7/19/2017,7/21/2017,63,65,,
TB17  606,PHZ51,Genetics,NA,NA,NA,NA,,
TB17  607 , b154 x  b125,Genetics,7/20/2017,7/22/2017,64,66,,
TB17  608,b049x  B73,Genetics,7/25/2017,7/22/2017,69,66,,
TB17  609,b015x  B73,Genetics,7/23/2017,7/24/2017,67,68,,
TB17  610,b078 x  b049,Genetics,7/21/2017,7/21/2017,65,65,,
TB17  611,b131 x  b057,Genetics,7/21/2017,7/22/2017,65,66,,
TB17  612,b189 x  b131,Genetics,7/21/2017,7/22/2017,65,66,,
TB17  613,PHZ51,Genetics,NA,NA,NA,NA,,
TB17  614,b175x  B73,Genetics,7/20/2017,7/21/2017,64,65,,
TB17  615,b189 x  B73,Genetics,NA,NA,NA,NA,,
TB17  616,b107x  B73,Genetics,7/23/2017,7/22/2017,67,66,,
TB17  617  ,b189 x  b049,Genetics,7/19/2017,7/20/2017,63,64,,
TB17  618,b102 x  b044,Genetics,7/25/2017,7/25/2017,69,69,,
TB17  619,b175x  b004,Genetics,7/20/2017,7/20/2017,64,64,,
TB17  620,b125 x  b057,Genetics,7/21/2017,7/22/2017,65,66,,
TB17  621,b125 x  b102,Genetics,7/22/2017,7/22/2017,66,66,,
TB17  622,b136 x  b055,Genetics,7/24/2017,7/24/2017,68,68,,
TB17  623,b169 x  b065,Genetics,7/20/2017,7/22/2017,64,66,,
TB17  624,b169 x  b125,Genetics,7/23/2017,7/22/2017,67,66,,
TB17  625,b175 x  b078,Genetics,7/19/2017,7/22/2017,63,66,,
TB17  626,b154 x  b144,Genetics,7/20/2017,7/20/2017,64,64,,
TB17  627 , b057 x  b055,Genetics,7/20/2017,7/21/2017,64,65,,
TB17  628,b111 x  b055,Genetics,NA,NA,NA,NA,,
TB17  629,PHZ51,Genetics,NA,NA,NA,NA,,
TB17  630,b175 x  b057,Genetics,7/19/2017,7/20/2017,63,64,,
TB17  631,b131 x  b055,Genetics,7/20/2017,7/22/2017,64,66,,
TB17  632,b175 x  b107,Genetics,7/21/2017,7/22/2017,65,66,,
TB17  633,b111x  B73,Genetics,7/21/2017,7/24/2017,65,68,,
TB17  634,b154 x  B73,Genetics,7/20/2017,7/20/2017,64,64,,
TB17  635,b055 x  b044,Genetics,7/25/2017,7/24/2017,69,68,,
TB17  636,b125 x  b055,Genetics,7/20/2017,7/22/2017,64,66,,
TB17  637  ,b189 x  b144,Genetics,7/23/2017,7/24/2017,67,68,,
TB17  638,b057 x  B73,Genetics,7/24/2017,7/24/2017,68,68,,
TB17  639,b102 x  b049,Genetics,7/25/2017,7/23/2017,69,67,,
TB17  640,PHZ51,Genetics,NA,NA,NA,NA,,
TB17  641,b154x  b040,Genetics,7/25/2017,7/22/2017,69,66,,
TB17  642,b049x  b015,Genetics,7/21/2017,7/21/2017,65,65,,
TB17  643,b111 x  b102,Genetics,7/21/2017,7/22/2017,65,66,,
TB17  644,b144 x  b065,Genetics,7/21/2017,7/22/2017,65,66,,
TB17  645,b055 x  B73,Genetics,7/24/2017,7/24/2017,68,68,,
TB17  646,b057 x  B73,Genetics,7/21/2017,7/22/2017,65,66,,
TB17  647  ,PHZ51,Genetics,NA,NA,NA,NA,,
TB17  648,b065x  B73,Genetics,7/17/2017,7/17/2017,61,61,,
TB17  649,b189 x  b154,Genetics,NA,NA,NA,NA,,
TB17  650,b131x  b015,Genetics,7/19/2017,7/19/2017,63,63,,
TB17  651,b055x  b040,Genetics,7/19/2017,7/21/2017,63,65,,
TB17  652,b107x  b004,Genetics,7/24/2017,7/24/2017,68,68,,
TB17  653,b189 x  b169,Genetics,7/24/2017,7/24/2017,68,68,,
TB17  654,b154 x  b136,Genetics,7/19/2017,7/20/2017,63,64,,
TB17  655,b154 x  b107,Genetics,NA,7/19/2017,NA,63,,
TB17  656,b175 x  b136,Genetics,7/19/2017,7/20/2017,63,64,,
TB17  657  ,b154 x  b057,Genetics,7/23/2017,7/26/2017,67,70,,
TB17  658,PHZ51,Genetics,NA,NA,NA,NA,,
TB17  659,b102 x  b055,Genetics,7/21/2017,7/22/2017,65,66,,
TB17  660,b136 x  b125,Genetics,7/19/2017,7/20/2017,63,64,,
TB17  661,b078x  b015,Genetics,7/20/2017,7/20/2017,64,64,,
TB17  662,b107 x  b044,Genetics,7/25/2017,7/25/2017,69,69,,
TB17  663,b169 x  b055,Genetics,7/23/2017,7/22/2017,67,66,,
TB17  664,b044x  b004,Genetics,7/21/2017,7/22/2017,65,66,,
TB17  665,b144 x  b111,Genetics,7/21/2017,7/22/2017,65,66,,
TB17  666,b102 x  b078,Genetics,7/20/2017,7/22/2017,64,66,,
TB17  667  ,b154 x  b102,Genetics,7/20/2017,7/20/2017,64,64,,
TB17  668,b131 x  b111,Genetics,7/23/2017,7/22/2017,67,66,,
TB17  669,b107 x  b057,Genetics,7/20/2017,7/21/2017,64,65,,
TB17  670,PHZ51,Genetics,NA,NA,NA,NA,,
TB17  671,B73v4,Genetics,7/20/2017,7/22/2017,64,66,,
TB17  672,b175 x  b131,Genetics,7/19/2017,7/19/2017,63,63,,
TB17  673,b111 x  b049,Genetics,7/21/2017,7/22/2017,65,66,,
TB17  674,PHZ51,Genetics,NA,NA,NA,NA,,
TB17  675,b065 x  b057,Genetics,7/21/2017,7/22/2017,65,66,,
TB17  676,PHZ51,Genetics,NA,NA,NA,NA,,
TB17  677  ,b189 x  b044,Genetics,7/24/2017,7/24/2017,68,68,,
TB17  678,b169 x  b057,Genetics,7/22/2017,7/24/2017,66,68,,
TB17  679,B73v4,Genetics,7/20/2017,7/22/2017,64,66,,
TB17  680,b125x  b040,Genetics,7/21/2017,7/22/2017,65,66,,
TB17  681,b102x  B73,Genetics,7/24/2017,7/24/2017,68,68,,
TB17  682,b065x  b015,Genetics,7/21/2017,7/24/2017,65,68,,
TB17  683,b144x  b040,Genetics,7/20/2017,7/21/2017,64,65,,
TB17  684,b004x  B73,Genetics,7/23/2017,7/23/2017,67,67,,
TB17  685,b125 x  b044,Genetics,7/21/2017,7/22/2017,65,66,,
TB17  686,b169 x  b131,Genetics,7/21/2017,7/21/2017,65,65,,
TB17  687  ,b175 x  b154,Genetics,7/21/2017,7/22/2017,65,66,,
TB17  688,b169x  b004,Genetics,7/24/2017,7/24/2017,68,68,,
TB17  689,b144 x  b125,Genetics,8/3/2017,8/4/2017,78,79,,
TB17  690,b154 x  b055,Genetics,7/20/2017,7/20/2017,64,64,,
TB17  691,b125 x  b049,Genetics,NA,NA,NA,NA,,
TB17  692,b078x  B73,Genetics,7/19/2017,7/20/2017,63,64,,
TB17  693,PHZ51,Genetics,NA,NA,NA,NA,,
TB17  694,b175x  b040,Genetics,7/19/2017,7/20/2017,63,64,,
TB17  695,b131 x  b125,Genetics,7/19/2017,7/19/2017,63,63,,
TB17  696,b169x  B73,Genetics,7/30/2017,7/30/2017,74,74,,
TB17  697 , b175 x  b102,Genetics,7/19/2017,7/20/2017,63,64,,
TB17  698,b004x  B73,Genetics,7/23/2017,7/23/2017,67,67,,
TB17  699,b131 x  b107,Genetics,7/21/2017,7/22/2017,65,66,,
TB17  700,b189 x  b175,Genetics,7/19/2017,7/20/2017,63,64,,
TB17  701,b102x  b004,Genetics,NA,NA,NA,NA,,
TB17  702,b154 x  b111,Genetics,7/20/2017,7/21/2017,64,65,,
TB17  703,b065 x  b049,Genetics,7/20/2017,7/21/2017,64,65,,
TB17  704,b169 x  b049,Genetics,7/24/2017,7/24/2017,68,68,,
TB17  705,PHZ51,Genetics,NA,NA,NA,NA,,
TB17  706,b169 x  b044,Genetics,7/23/2017,7/23/2017,67,67,,
TB17  707  ,b136x  b004,Genetics,7/22/2017,7/22/2017,66,66,,
TB17  708,b040x  B73,Genetics,7/21/2017,7/22/2017,65,66,,
TB17  709,b144 x  b055,Genetics,7/19/2017,7/19/2017,63,63,,
TB17  710,b189 x  b057,Genetics,7/20/2017,7/20/2017,64,64,,
TB17  711,b154 x  b049,Genetics,7/20/2017,7/20/2017,64,64,,
TB17  712,b055 x  b049,Genetics,7/20/2017,7/21/2017,64,65,,
TB17  713,b065x  b004,Genetics,7/21/2017,7/23/2017,65,67,,
TB17  714,b055x  b004,Genetics,7/20/2017,7/22/2017,64,66,,
TB17  715,b175x  B73,Genetics,7/19/2017,7/20/2017,63,64,,
TB17  716,b049x  b040,Genetics,7/20/2017,7/21/2017,64,65,,
TB17  717 , b136 x  b065,Genetics,7/19/2017,7/20/2017,63,64,,
TB17  718,b189 x  b055,Genetics,7/20/2017,7/20/2017,64,64,,
TB17  719,b144 x  b044,Genetics,7/21/2017,7/21/2017,65,65,,
TB17  720,b015 x b044,Genetics,7/31/2017,8/1/2017,75,76,,
TB17  721,b189 x  b078,Genetics,7/21/2017,7/22/2017,65,66,,
TB17  722,b107 x  b078,Genetics,7/19/2017,7/19/2017,63,63,,
TB17  723,b057x  b015,Genetics,7/19/2017,7/22/2017,63,66,,
TB17  724,b055x  b015,Genetics,7/21/2017,7/22/2017,65,66,,
TB17  725,b065 x  b044,Genetics,7/24/2017,7/24/2017,68,68,,
TB17  726,b136 x  b111,Genetics,7/21/2017,7/22/2017,65,66,,
TB17  727 , b057x  b004,Genetics,NA,NA,NA,NA,,
TB17  728,b111 x  b107,Genetics,NA,NA,NA,NA,,
TB17  729,b125 x  b065,Genetics,7/18/2017,7/19/2017,62,63,,
TB17  730,b144x  b004,Genetics,7/20/2017,7/20/2017,64,64,,
TB17  731,b131 x  b044,Genetics,7/23/2017,7/24/2017,67,68,,
TB17  732,b102x  b040,Genetics,7/20/2017,7/22/2017,64,66,,
TB17  733,b175 x  b111,Genetics,7/21/2017,7/21/2017,65,65,,
TB17  734,b144x  B73,Genetics,7/21/2017,7/24/2017,65,68,,
TB17  735,b144x  B73,Genetics,7/23/2017,7/23/2017,67,67,,
TB17  736,b107 x  b102,Genetics,7/24/2017,7/24/2017,68,68,,
TB17  737 , b189x  b015,Genetics,7/19/2017,7/21/2017,63,65,,
TB17  738,b057 x  b044,Genetics,7/21/2017,7/22/2017,65,66,,
TB17  739,b040x  b004,Genetics,7/23/2017,7/23/2017,67,67,,
TB17  740,b107x  b015,Genetics,7/20/2017,7/22/2017,64,66,,
TB17  741,b057 x  b049,Genetics,7/27/2017,7/27/2017,71,71,,
TB17  742,b065x  b040,Genetics,7/17/2017,7/17/2017,61,61,,
TB17  743,b189x  b040,Genetics,7/20/2017,7/21/2017,64,65,,
TB17  744,b154 x  B73,Genetics,7/22/2017,7/24/2017,66,68,,
TB17  745,b078 x  b057,Genetics,7/23/2017,7/22/2017,67,66,,
TB17  746,b136 x  b102,Genetics,7/20/2017,7/22/2017,64,66,,
TB17  747  ,PHZ51,Genetics,NA,NA,NA,NA,,
TB17  748,b125 x  b111,Genetics,7/20/2017,7/22/2017,64,66,,
TB17  749,b154x  b015,Genetics,7/19/2017,7/20/2017,63,64,,
TB17  750,b102x  B73,Genetics,7/20/2017,7/22/2017,64,66,,
TB17  751,b154 x  b078,Genetics,7/23/2017,7/24/2017,67,68,,
TB17  752,b189 x  b065,Genetics,7/23/2017,7/24/2017,67,68,,
TB17  753,b144 x  b107,Genetics,7/20/2017,7/20/2017,64,64,,
TB17  754,b107 x  b055,Genetics,7/21/2017,7/24/2017,65,68,,
TB17  755,b111x  b015,Genetics,7/20/2017,7/20/2017,64,64,,
TB17  756,b040x  B73,Genetics,NA,NA,NA,NA,,
TB17  757  ,b107x  B73,Genetics,7/20/2017,7/23/2017,64,67,,
TB17  758,b154 x  b044,Genetics,7/25/2017,7/24/2017,69,68,,
TB17  759,b154 x  b131,Genetics,7/21/2017,7/22/2017,65,66,,
TB17  760,b169 x  b102,Genetics,7/23/2017,7/24/2017,67,68,,
TB17  761,b154 x  b065,Genetics,7/19/2017,7/22/2017,63,66,,
TB17  762,b102x  b015,Genetics,7/19/2017,7/21/2017,63,65,,
TB17  763,b131x  b004,Genetics,7/19/2017,7/20/2017,63,64,,
TB17  764,b065 x  b055,Genetics,7/19/2017,7/24/2017,63,68,,
TB17  765,PHZ51,Genetics,NA,NA,NA,NA,,
TB17  766,b131x  B73,Genetics,7/23/2017,7/23/2017,67,67,,
TB17  767  ,b136x  B73,Genetics,8/2/2017,8/2/2017,77,77,,
TB17  768,b125x  B73,Genetics,7/25/2017,7/29/2017,69,73,,
TB17  769,b131 x  b078,Genetics,7/20/2017,7/20/2017,64,64,,
TB17  770,b144 x  b102,Genetics,7/23/2017,7/24/2017,67,68,,
TB17  771,b111 x  b065,Genetics,7/24/2017,7/24/2017,68,68,,
TB17  772,b136x  b040,Genetics,7/20/2017,7/20/2017,64,64,,
TB17  773,b169x  B73,Genetics,7/25/2017,7/25/2017,69,69,,
TB17  774,b049x  b004,Genetics,7/31/2017,8/1/2017,75,76,,
TB17  775,b175 x  b044,Genetics,7/30/2017,7/30/2017,74,74,,
TB17  776,b049x  B73,Genetics,NA,NA,NA,NA,,
TB17  777 , b144 x  b131,Genetics,7/22/2017,7/24/2017,66,68,,
TB17  778,b131 x  b049,Genetics,7/27/2017,7/27/2017,71,71,,
TB17  779,b175 x  b055,Genetics,7/20/2017,7/21/2017,64,65,,
TB17  780,b125x  B73,Genetics,NA,NA,NA,NA,,
TB17  781,b111x  b004,Genetics,NA,7/24/2017,NA,68,,
TB17  782,b107x  b040,Genetics,7/24/2017,7/24/2017,68,68,,
TB17  783,B73v4,Genetics,7/20/2017,7/21/2017,64,65,,
TB17  784,b078 x  b065,Genetics,7/20/2017,7/21/2017,64,65,,
TB17  785,b189 x  b107,Genetics,7/23/2017,7/23/2017,67,67,,
TB17  786,b111 x  b044,Genetics,7/23/2017,7/23/2017,67,67,,
TB17  787  ,b131 x  b102,Genetics,7/22/2017,7/24/2017,66,68,,
TB17  788,b144 x  b136,Genetics,7/23/2017,7/22/2017,67,66,,
TB17  789,b189 x  b102,Genetics,7/21/2017,7/22/2017,65,66,,
TB17  790,b169x  b015,Genetics,7/19/2017,7/20/2017,63,64,,
TB17  791,b175 x  b169,Genetics,7/20/2017,7/20/2017,64,64,,
TB17  792,b131x  b040,Genetics,7/26/2017,7/25/2017,70,69,,
TB17  793,b015x  b004,Genetics,7/18/2017,7/20/2017,62,64,,
TB17  794,b175 x  b065,Genetics,7/17/2017,7/17/2017,61,61,,
TB17  795,b125 x  b107,Genetics,7/19/2017,7/24/2017,63,68,,
TB17  796,b057x  b040,Genetics,7/20/2017,7/22/2017,64,66,,
TB17  797  ,b189x  b004,Genetics,7/19/2017,7/22/2017,63,66,,
TB17  798,b131x  B73,Genetics,7/20/2017,7/21/2017,64,65,,
TB17  799,b125 x  b078,Genetics,7/21/2017,7/22/2017,65,66,,
TB17  800,b169x  b040,Genetics,7/23/2017,7/24/2017,67,68,,
TB17  801,b189 x  b136,Genetics,7/19/2017,7/20/2017,63,64,,
TB17  802,b169 x  b107,Genetics,7/21/2017,7/22/2017,65,66,,
TB17  803,b144x  b015,Genetics,7/20/2017,7/21/2017,64,65,,
TB17  804,b102 x  b057,Genetics,7/19/2017,7/21/2017,63,65,,
TB17  805,b055 x  B73,Genetics,7/20/2017,7/22/2017,64,66,,
TB17  806,b111x  b040,Genetics,NA,NA,NA,NA,,
TB17  807 , b015x  B73,Genetics,NA,NA,NA,NA,,
TB17  808,b136 x  b044,Genetics,7/20/2017,7/21/2017,64,65,,
TB17  809,b049x  B73,Genetics,7/22/2017,7/25/2017,66,69,,
TB17  810,b111x  b004,Genetics,7/25/2017,7/25/2017,69,69,,
TB17  811,b125 x  b065,Genetics,7/20/2017,7/21/2017,64,65,,
TB17  812,PHZ51,Genetics,NA,NA,NA,NA,,
TB17  813,b107 x  b078,Genetics,7/20/2017,7/21/2017,64,65,,
TB17  814,b136 x  b102,Genetics,7/23/2017,7/24/2017,67,68,,
TB17  815,b189x  b040,Genetics,7/23/2017,7/24/2017,67,68,,
TB17  816,b169 x  b102,Genetics,7/23/2017,7/23/2017,67,67,,
TB17  817,PHZ51,Genetics,NA,NA,NA,NA,,
TB17  818, b049x  b040,Genetics,7/24/2017,7/24/2017,68,68,,
TB17  819,b189 x  b044,Genetics,7/21/2017,7/24/2017,65,68,,
TB17  820,b175 x  b131,Genetics,7/19/2017,7/20/2017,63,64,,
TB17  821,b057 x  b044,Genetics,7/21/2017,7/24/2017,65,68,,
TB17  822,b131 x  b057,Genetics,7/21/2017,7/24/2017,65,68,,
TB17  823,b144x  B73,Genetics,7/21/2017,7/23/2017,65,67,,
TB17  824,b169 x  b131,Genetics,7/22/2017,7/22/2017,66,66,,
TB17  825,b154 x  b125,Genetics,7/19/2017,7/21/2017,63,65,,
TB17  826,b131x  b004,Genetics,7/21/2017,7/22/2017,65,66,,
TB17  827,b154 x  b111,Genetics,7/21/2017,7/24/2017,65,68,,
TB17  828,b111x  B73,Genetics,7/24/2017,7/24/2017,68,68,,
TB17  829,b175 x  b144,Genetics,7/21/2017,7/21/2017,65,65,,
TB17  830,b189 x  b078,Genetics,7/28/2017,7/27/2017,72,71,,
TB17  831,b057 x  B73,Genetics,7/28/2017,7/31/2017,72,75,,
TB17  832,b111 x  b057,Genetics,NA,NA,NA,NA,,
TB17  833,B73v4,Genetics,7/23/2017,7/24/2017,67,68,,
TB17  834,b102 x  b055,Genetics,7/24/2017,7/25/2017,68,69,,
TB17  835,b169 x  b057,Genetics,7/25/2017,7/25/2017,69,69,,
TB17  836,b169x  B73,Genetics,7/25/2017,7/26/2017,69,70,,
TB17  837,PHZ51,Genetics,NA,NA,NA,NA,,
TB17  838,b169 x  b055,Genetics,7/22/2017,7/22/2017,66,66,,
TB17  839,b065x  b040,Genetics,7/17/2017,7/18/2017,61,62,,
TB17  840,b144 x  b107,Genetics,7/20/2017,7/20/2017,64,64,,
TB17  841,b169 x  b065,Genetics,7/22/2017,7/24/2017,66,68,,
TB17  842,b131 x  b107,Genetics,7/22/2017,7/22/2017,66,66,,
TB17  843,b189 x  b055,Genetics,NA,7/24/2017,NA,68,,
TB17  844,b057 x  b049,Genetics,7/25/2017,7/24/2017,69,68,,
TB17  845,b175x  b004,Genetics,7/20/2017,7/22/2017,64,66,,
TB17  846,B73v4,Genetics,NA,NA,NA,NA,,
TB17  847,b111x  B73,Genetics,7/21/2017,7/22/2017,65,66,,
TB17  848, b154 x  b136,Genetics,7/21/2017,NA,65,NA,,
TB17  849,b107x  B73,Genetics,7/21/2017,7/22/2017,65,66,,
TB17  850,PHZ51,Genetics,NA,NA,NA,NA,,
TB17  851,b136 x  b125,Genetics,NA,NA,NA,NA,,
TB17  852,b040x  b004,Genetics,7/21/2017,7/22/2017,65,66,,
TB17  853,b102x  b004,Genetics,7/23/2017,7/25/2017,67,69,,
TB17  854,b057x  b004,Genetics,NA,NA,NA,NA,,
TB17  855,b055 x  b044,Genetics,7/23/2017,7/25/2017,67,69,,
TB17  856,b125x  B73,Genetics,7/21/2017,7/24/2017,65,68,,
TB17  857,b189 x  b102,Genetics,7/21/2017,7/22/2017,65,66,,
TB17  858,b004x  B73,Genetics,7/25/2017,7/25/2017,69,69,,
TB17  859,b189 x  b144,Genetics,7/21/2017,7/26/2017,65,70,,
TB17  860,b189 x  b175,Genetics,7/23/2017,7/24/2017,67,68,,
TB17  861,b175 x  b154,Genetics,7/19/2017,7/21/2017,63,65,,
TB17  862,b102 x  b049,Genetics,7/21/2017,7/21/2017,65,65,,
TB17  863,b125 x  b102,Genetics,7/20/2017,7/24/2017,64,68,,
TB17  864,b102 x  b078,Genetics,7/21/2017,7/21/2017,65,65,,
TB17  865,b154x  b015,Genetics,7/19/2017,7/21/2017,63,65,,
TB17  866,b169 x  b154,Genetics,7/21/2017,7/23/2017,65,67,,
TB17  867,b175 x  b057,Genetics,7/21/2017,7/23/2017,65,67,,
TB17  868, b144 x  b111,Genetics,7/21/2017,7/24/2017,65,68,,
TB17  869,b136 x  b065,Genetics,NA,NA,NA,NA,,
TB17  870,b111x  b015,Genetics,NA,NA,NA,NA,,
TB17  871,b111 x  b107,Genetics,7/20/2017,7/20/2017,64,64,,
TB17  872,b144 x  b102,Genetics,7/21/2017,7/24/2017,65,68,,
TB17  873,b125 x  b055,Genetics,7/23/2017,7/25/2017,67,69,,
TB17  874,b154 x  b065,Genetics,7/20/2017,7/22/2017,64,66,,
TB17  875,b102x  b040,Genetics,7/23/2017,7/24/2017,67,68,,
TB17  876,b078x  b015,Genetics,7/21/2017,7/24/2017,65,68,,
TB17  877,b175 x  b055,Genetics,7/20/2017,7/21/2017,64,65,,
TB17  878,b125 x  b044,Genetics,7/22/2017,7/24/2017,66,68,,
TB17  879,b189x  b004,Genetics,7/20/2017,7/20/2017,64,64,,
TB17  880,B73v4,Genetics,7/21/2017,7/24/2017,65,68,,
TB17  881,b131x  B73,Genetics,7/23/2017,7/23/2017,67,67,,
TB17  882,b131x  B73,Genetics,7/20/2017,7/21/2017,64,65,,
TB17  883,b154x  b040,Genetics,NA,7/25/2017,NA,69,,
TB17  884,b154 x  B73,Genetics,7/23/2017,7/24/2017,67,68,,
TB17  885,b154 x  b057,Genetics,7/23/2017,7/23/2017,67,67,,
TB17  886,b055 x  b049,Genetics,NA,NA,NA,NA,,
TB17  887,b154 x  b102,Genetics,7/26/2017,7/25/2017,70,69,,
TB17  888,b055x  b004,Genetics,7/23/2017,7/22/2017,67,66,,
TB17  889,b125 x  b057,Genetics,7/23/2017,7/25/2017,67,69,,
TB17  890,b175 x  b102,Genetics,7/21/2017,7/22/2017,65,66,,
TB17  891,b144 x  b136,Genetics,7/24/2017,7/24/2017,68,68,,
TB17  892,b169x  b015,Genetics,7/23/2017,7/24/2017,67,68,,
TB17  893,b049x  b004,Genetics,NA,NA,NA,NA,,
TB17  894,PHZ51,Genetics,NA,NA,NA,NA,,
TB17  895,b154 x  b049,Genetics,7/23/2017,7/26/2017,67,70,,
TB17  896,b125 x  b107,Genetics,7/24/2017,7/30/2017,68,74,,
TB17  897,b057 x  b055,Genetics,NA,NA,NA,NA,,
TB17  898,b107 x  b057,Genetics,7/20/2017,7/23/2017,64,67,,
TB17  899,b102x  B73,Genetics,7/21/2017,7/22/2017,65,66,,
TB17  900,b169 x  b125,Genetics,7/20/2017,7/23/2017,64,67,,
TB17  901,b125x  b004,Genetics,7/20/2017,7/23/2017,64,67,,
TB17  902,b107 x  b102,Genetics,7/25/2017,7/27/2017,69,71,,
TB17  903,b057x  b015,Genetics,7/20/2017,7/20/2017,64,64,,
TB17  904,b055 x  B73,Genetics,7/21/2017,7/22/2017,65,66,,
TB17  905,b111 x  b065,Genetics,NA,NA,NA,NA,,
TB17  906,b107x  b004,Genetics,7/23/2017,7/23/2017,67,67,,
TB17  907,b131 x  b102,Genetics,7/26/2017,7/27/2017,70,71,,
TB17  908, b004x  B73,Genetics,7/23/2017,7/24/2017,67,68,,
TB17  909,b189 x  b065,Genetics,NA,7/22/2017,NA,66,,
TB17  910,b078 x  b057,Genetics,7/24/2017,7/24/2017,68,68,,
TB17  911,b065 x  b049,Genetics,7/22/2017,7/22/2017,66,66,,
TB17  912,PHZ51,Genetics,NA,NA,NA,NA,,
TB17  913,b189 x  b169,Genetics,7/23/2017,7/22/2017,67,66,,
TB17  914,b065 x  b044,Genetics,7/24/2017,7/24/2017,68,68,,
TB17  915,b136 x  b111,Genetics,7/24/2017,7/24/2017,68,68,,
TB17  916,b169 x  b049,Genetics,7/28/2017,7/27/2017,72,71,,
TB17  917,b189 x  b111,Genetics,7/23/2017,7/23/2017,67,67,,
TB17  918,PHZ51,Genetics,NA,NA,NA,NA,,
TB17  919,b144 x  b055,Genetics,7/21/2017,7/22/2017,65,66,,
TB17  920,b049x  b015,Genetics,7/27/2017,7/24/2017,71,68,,
TB17  921,b169x  b004,Genetics,7/23/2017,7/22/2017,67,66,,
TB17  922,b169 x  b044,Genetics,7/24/2017,7/24/2017,68,68,,
TB17  923,b175 x  b065,Genetics,7/21/2017,7/24/2017,65,68,,
TB17  924,b111 x  b044,Genetics,7/28/2017,7/27/2017,72,71,,
TB17  925,b189 x  b057,Genetics,7/23/2017,7/22/2017,67,66,,
TB17  926,b065x  B73,Genetics,7/20/2017,7/24/2017,64,68,,
TB17  927,b189 x  b049,Genetics,7/25/2017,7/24/2017,69,68,,
TB17  928,b131 x  b125,Genetics,7/25/2017,7/25/2017,69,69,,
TB17  929,b131x  b040,Genetics,7/23/2017,7/22/2017,67,66,,
TB17  930,b154 x  b144,Genetics,7/20/2017,7/21/2017,64,65,,
TB17  931,b175 x  b078,Genetics,7/20/2017,7/21/2017,64,65,,
TB17  932,b125 x  b078,Genetics,7/22/2017,7/22/2017,66,66,,
TB17  933,b107x  b015,Genetics,7/19/2017,7/21/2017,63,65,,
TB17  934,b144 x  b044,Genetics,7/21/2017,7/23/2017,65,67,,
TB17  935,b057 x  B73,Genetics,7/23/2017,7/24/2017,67,68,,
TB17  936,b078 x  b065,Genetics,7/22/2017,7/22/2017,66,66,,
TB17  937,b136x  B73,Genetics,7/20/2017,7/20/2017,64,64,,
TB17  938,b144 x  b065,Genetics,7/20/2017,7/20/2017,64,64,,
TB17  939,b078 x  b049,Genetics,7/23/2017,7/24/2017,67,68,,
TB17  940,b189x  b015,Genetics,7/20/2017,7/21/2017,64,65,,
TB17  941,b102x  B73,Genetics,7/20/2017,7/21/2017,64,65,,
TB17  942,b015x  B73,Genetics,7/21/2017,7/24/2017,65,68,,
TB17  943,b175x  B73,Genetics,7/19/2017,7/22/2017,63,66,,
TB17  944,b154 x  B73,Genetics,7/20/2017,7/20/2017,64,64,,
TB17  945,b175 x  b111,Genetics,7/19/2017,7/20/2017,63,64,,
TB17  946,b107 x  b044,Genetics,7/25/2017,7/24/2017,69,68,,
TB17  947,b015 x b044,Genetics,7/22/2017,7/23/2017,66,67,,
TB17  948, b015x  b004,Genetics,7/19/2017,7/20/2017,63,64,,
TB17  949,b169 x  b111,Genetics,7/21/2017,7/21/2017,65,65,,
TB17  950,b175x  b015,Genetics,7/17/2017,7/17/2017,61,61,,
TB17  951,b065x  b015,Genetics,7/25/2017,7/26/2017,69,70,,
TB17  952,b154 x  b078,Genetics,7/23/2017,7/22/2017,67,66,,
TB17  953,b189 x  b131,Genetics,NA,NA,NA,NA,,
TB17  954,b154 x  b044,Genetics,7/22/2017,7/23/2017,66,67,,
TB17  955,b044x  b004,Genetics,7/23/2017,7/24/2017,67,68,,
TB17  956,b107x  B73,Genetics,7/20/2017,7/21/2017,64,65,,
TB17  957,b040x  B73,Genetics,7/21/2017,7/22/2017,65,66,,
TB17  958, b189 x  b136,Genetics,7/20/2017,7/21/2017,64,65,,
TB17  959,b015x  B73,Genetics,7/20/2017,7/24/2017,64,68,,
TB17  960,b131 x  b044,Genetics,7/23/2017,7/23/2017,67,67,,
TB17  961,b154 x  b055,Genetics,7/21/2017,7/22/2017,65,66,,
TB17  962,PHZ51,Genetics,NA,NA,NA,NA,,
TB17  963,b102 x  b057,Genetics,7/23/2017,7/25/2017,67,69,,
TB17  964,PHZ51,Genetics,NA,NA,NA,NA,,
TB17  965,b144 x  b125,Genetics,7/20/2017,7/22/2017,64,66,,
TB17  966,b125 x  b111,Genetics,7/21/2017,7/21/2017,65,65,,
TB17  967,b189 x  B73,Genetics,NA,NA,NA,NA,,
TB17  968,b131x  b015,Genetics,7/28/2017,7/27/2017,72,71,,
TB17  969,b055x  b040,Genetics,7/21/2017,7/21/2017,65,65,,
TB17  970,b057x  b040,Genetics,7/22/2017,7/25/2017,66,69,,
TB17  971,b102x  b015,Genetics,7/21/2017,7/22/2017,65,66,,
TB17  972,b154 x  b107,Genetics,7/22/2017,7/22/2017,66,66,,
TB17  973,PHZ51,Genetics,NA,NA,NA,NA,,
TB17  974,b189 x  b154,Genetics,7/20/2017,7/22/2017,64,66,,
TB17  975,PHZ51,Genetics,NA,NA,NA,NA,,
TB17  976,b125x  b015,Genetics,7/20/2017,7/22/2017,64,66,,
TB17  977,PHZ51,Genetics,NA,NA,NA,NA,,
TB17  978,b169 x  b107,Genetics,7/23/2017,7/23/2017,67,67,,
TB17  979,b175 x  b107,Genetics,7/22/2017,7/22/2017,66,66,,
TB17  980,b111 x  b102,Genetics,7/21/2017,7/24/2017,65,68,,
TB17  981,b189 x  b125,Genetics,7/20/2017,7/21/2017,64,65,,
TB17  982,b111x  b040,Genetics,NA,NA,NA,NA,,
TB17  983,b065x  b004,Genetics,8/2/2017,7/31/2017,77,75,,
TB17  984,b136x  b040,Genetics,7/19/2017,7/19/2017,63,63,,
TB17  985,b136 x  b055,Genetics,7/21/2017,7/24/2017,65,68,,
TB17  986,b136 x  b044,Genetics,7/23/2017,7/22/2017,67,66,,
TB17  987,b144x  b015,Genetics,7/20/2017,7/22/2017,64,66,,
TB17  988,b055 x  B73,Genetics,7/24/2017,7/25/2017,68,69,,
TB17  989,b111 x  b055,Genetics,NA,NA,NA,NA,,
TB17  990,b175 x  b169,Genetics,7/23/2017,7/22/2017,67,66,,
TB17  991,b144 x  b057,Genetics,7/24/2017,7/24/2017,68,68,,
TB17  992,b131 x  b055,Genetics,7/24/2017,7/24/2017,68,68,,
TB17  993,b144 x  b131,Genetics,7/19/2017,7/22/2017,63,66,,
TB17  994,PHZ51,Genetics,NA,NA,NA,NA,,
TB17  995,b107x  b040,Genetics,7/24/2017,7/24/2017,68,68,,
TB17  996,PHZ51,Genetics,NA,NA,NA,NA,,
TB17  997,b125x  b040,Genetics,7/24/2017,7/25/2017,68,69,,
TB17  998, b055x  b015,Genetics,7/22/2017,7/22/2017,66,66,,
TB17  999,b144x  b004,Genetics,7/22/2017,7/22/2017,66,66,,
TB17  1000,b144x  B73,Genetics,7/21/2017,7/22/2017,65,66,,
TB17  1001,b078x  B73,Genetics,7/22/2017,7/23/2017,66,67,,
TB17  1002,b175x  b040,Genetics,7/19/2017,7/21/2017,63,65,,
TB17  1003,b175x  B73,Genetics,7/20/2017,7/21/2017,64,65,,
TB17  1004,b131 x  b078,Genetics,7/21/2017,7/21/2017,65,65,,
TB17  1005,b131 x  b049,Genetics,7/22/2017,7/22/2017,66,66,,
TB17  1006,b154 x  b131,Genetics,7/21/2017,7/22/2017,65,66,,
TB17  1007,b125x  B73,Genetics,7/21/2017,7/23/2017,65,67,,
TB17  1008,b175 x  b044,Genetics,7/21/2017,7/24/2017,65,68,,
TB17  1009,PHZ51,Genetics,NA,NA,NA,NA,,
TB17  1010,b040x  B73,Genetics,NA,NA,NA,NA,,
TB17  1011,b131 x  b111,Genetics,7/22/2017,7/22/2017,66,66,,
TB17  1012,b102 x  b065,Genetics,7/19/2017,7/20/2017,63,64,,
TB17  1013,b102 x  b044,Genetics,7/21/2017,7/22/2017,65,66,,
TB17  1014,b107 x  b065,Genetics,7/22/2017,7/22/2017,66,66,,
TB17  1015,b065 x  b057,Genetics,7/19/2017,7/20/2017,63,64,,
TB17  1016,b049x  B73,Genetics,7/23/2017,7/24/2017,67,68,,
TB17  1017,b111 x  b049,Genetics,7/21/2017,7/22/2017,65,66,,
TB17  1018,b107 x  b055,Genetics,7/23/2017,7/25/2017,67,69,,
TB17  1019,b175 x  b136,Genetics,7/19/2017,7/19/2017,63,63,,
TB17  1020,b065 x  b055,Genetics,7/25/2017,7/25/2017,69,69,,
TB17  1021,PHZ51,Genetics,NA,NA,NA,NA,,
TB17  1022,b154x  b004,Genetics,7/23/2017,7/23/2017,67,67,,
TB17  1023,PHZ51,Genetics,NA,NA,NA,NA,,
TB17  1024,B73v4,Genetics,7/20/2017,7/21/2017,64,65,,
TB17  1025,PHZ51,Genetics,NA,NA,NA,NA,,
TB17  1026,b189 x  b107,Genetics,7/20/2017,7/22/2017,64,66,,
TB17  1027,b169x  b040,Genetics,7/23/2017,7/22/2017,67,66,,
TB17  1028,b144x  b040,Genetics,7/19/2017,7/21/2017,63,65,,
TB17_2001,b107x  B73,Bradford,7/21/2017,7/22/2017,66,67,,
TB17_2002,b015x  B73,Bradford,7/22/2017,7/23/2017,67,68,,
TB17_2003,b107 x  b078,Bradford,7/26/2017,7/26/2017,71,71,,
TB17_2004,b169 x  b154,Bradford,7/22/2017,7/22/2017,67,67,,
TB17_2005,b189 x  b102,Bradford,7/22/2017,7/23/2017,67,68,,
TB17_2006,b144 x  b057,Bradford,7/21/2017,7/23/2017,66,68,,
TB17_2007,b111x  b015,Bradford,7/19/2017,7/21/2017,64,66,,
TB17_2008,b107x  b015,Bradford,7/24/2017,7/24/2017,69,69,,
TB17_2009,b055 x  b044,Bradford,7/24/2017,7/24/2017,69,69,,
TB17_2010,b175x  b004,Bradford,7/21/2017,7/22/2017,66,67,,
TB17_2011,b044x  B73,Bradford,7/21/2017,7/23/2017,66,68,,
TB17_2012,b175 x  b044,Bradford,7/24/2017,7/25/2017,69,70,,
TB17_2013,b189 x  b154,Bradford,NA,NA,NA,NA,,
TB17_2014,b144 x  b055,Bradford,7/21/2017,7/22/2017,66,67,,
TB17_2015,b107 x  b102,Bradford,7/24/2017,7/25/2017,69,70,,
TB17_2016,b175x  B73,Bradford,7/19/2017,7/23/2017,64,68,,
TB17_2017,b131 x  b049,Bradford,7/21/2017,7/22/2017,66,67,,
TB17_2018,b189 x  b125,Bradford,7/22/2017,7/25/2017,67,70,,
TB17_2019,b175 x  b107,Bradford,7/24/2017,7/23/2017,69,68,,
TB17_2020,B73v4,Bradford,7/19/2017,7/20/2017,64,65,,
TB17_2021,b107 x  b057,Bradford,7/21/2017,7/21/2017,66,66,,
TB17_2022,b111 x  b044,Bradford,7/21/2017,7/21/2017,66,66,,
TB17_2023,b154 x  b044,Bradford,7/22/2017,7/23/2017,67,68,,
TB17_2024,b125x  b015,Bradford,7/22/2017,7/24/2017,67,69,,
TB17_2025,b136 x  b044,Bradford,7/24/2017,7/23/2017,69,68,,
TB17_2026,b189 x  b131,Bradford,7/22/2017,7/23/2017,67,68,,
TB17_2027,b102 x  b065,Bradford,7/20/2017,7/20/2017,65,65,,
TB17_2028,b189 x  b057,Bradford,7/21/2017,7/24/2017,66,69,,
TB17_2029,b131x  B73,Bradford,7/22/2017,7/23/2017,67,68,,
TB17_2030,b169x  B73,Bradford,7/25/2017,7/25/2017,70,70,,
TB17_2031,b131 x  b065,Bradford,7/21/2017,7/23/2017,66,68,,
TB17_2032,b131 x  b055,Bradford,7/21/2017,7/23/2017,66,68,,
TB17_2033,b055 x  b049,Bradford,7/24/2017,7/24/2017,69,69,,
TB17_2034,b055x  b004,Bradford,7/20/2017,7/21/2017,65,66,,
TB17_2035,b175 x  b125,Bradford,7/20/2017,7/21/2017,65,66,,
TB17_2036,b175 x  b144,Bradford,7/20/2017,7/21/2017,65,66,,
TB17_2037,b189 x  b111,Bradford,7/22/2017,7/23/2017,67,68,,
TB17_2038,b131 x  b111,Bradford,7/24/2017,7/24/2017,69,69,,
TB17_2039,b175 x  b102,Bradford,7/19/2017,7/19/2017,64,64,,
TB17_2040,b136x  B73,Bradford,7/20/2017,7/20/2017,65,65,,
TB17_2041,b049x  B73,Bradford,7/26/2017,7/25/2017,71,70,,
TB17_2042,b154 x  b049,Bradford,7/24/2017,7/25/2017,69,70,,
TB17_2043,b169 x  b107,Bradford,7/21/2017,7/23/2017,66,68,,
TB17_2044,b136 x  b065,Bradford,7/20/2017,7/20/2017,65,65,,
TB17_2045,b154 x  B73,Bradford,7/24/2017,7/26/2017,69,71,,
TB17_2046,b189 x  b055,Bradford,7/20/2017,7/21/2017,65,66,,
TB17_2047,b175 x  b055,Bradford,7/19/2017,7/20/2017,64,65,,
TB17_2048,b057 x  b049,Bradford,7/24/2017,7/25/2017,69,70,,
TB17_2049,b131 x  b125,Bradford,7/21/2017,7/21/2017,66,66,,
TB17_2050,b111 x  b107,Bradford,7/19/2017,7/19/2017,64,64,,
TB17_2051,b144 x  b131,Bradford,7/18/2017,7/19/2017,63,64,,
TB17_2052,b131 x  b078,Bradford,7/19/2017,7/19/2017,64,64,,
TB17_2053,b154 x  b111,Bradford,7/21/2017,7/23/2017,66,68,,
TB17_2054,b044x  b004,Bradford,7/23/2017,7/21/2017,68,66,,
TB17_2055,b102 x  b049,Bradford,7/25/2017,7/25/2017,70,70,,
TB17_2056,b125 x  b057,Bradford,7/18/2017,7/21/2017,63,66,,
TB17_2057,b169 x  b102,Bradford,7/21/2017,7/21/2017,66,66,,
TB17_2058,b107x  b040,Bradford,7/21/2017,7/21/2017,66,66,,
TB17_2059,b065x  b015,Bradford,7/26/2017,7/27/2017,71,72,,
TB17_2060,b078 x  b044,Bradford,7/21/2017,7/21/2017,66,66,,
TB17_2061,b065x  B73,Bradford,7/19/2017,7/20/2017,64,65,,
TB17_2062,b065 x  b055,Bradford,7/18/2017,7/20/2017,63,65,,
TB17_2063,b065x  b040,Bradford,7/17/2017,7/17/2017,62,62,,
TB17_2064,b169x  b040,Bradford,7/20/2017,7/21/2017,65,66,,
TB17_2065,b065 x  b057,Bradford,7/17/2017,7/17/2017,62,62,,
TB17_2066,B73v4,Bradford,7/25/2017,7/25/2017,70,70,,
TB17_2067,b189 x  b144,Bradford,7/20/2017,7/20/2017,65,65,,
TB17_2068,b049x  b015,Bradford,7/24/2017,7/24/2017,69,69,,
TB17_2069,b169 x  b111,Bradford,7/24/2017,7/24/2017,69,69,,
TB17_2070,b136 x  b111,Bradford,7/19/2017,7/20/2017,64,65,,
TB17_2071,b175x  B73,Bradford,7/19/2017,7/19/2017,64,64,,
TB17_2072,b169 x  b125,Bradford,7/22/2017,7/23/2017,67,68,,
TB17_2073,b144x  b015,Bradford,7/17/2017,7/19/2017,62,64,,
TB17_2074,b049x  b004,Bradford,NA,NA,NA,NA,,
TB17_2075,b189 x  b065,Bradford,NA,7/21/2017,NA,66,,
TB17_2076,b004x  B73,Bradford,7/21/2017,7/23/2017,66,68,,
TB17_2077,b169 x  b131,Bradford,7/23/2017,7/23/2017,68,68,,
TB17_2078,b111 x  b102,Bradford,7/20/2017,7/21/2017,65,66,,
TB17_2079,b131x  b004,Bradford,7/19/2017,7/19/2017,64,64,,
TB17_2080,b189 x  b107,Bradford,7/19/2017,7/19/2017,64,64,,
TB17_2081,PHZ51,Bradford,NA,NA,NA,NA,,
TB17_2082,b189 x  B73,Bradford,NA,NA,NA,NA,,
TB17_2083,b189 x  b136,Bradford,7/19/2017,7/20/2017,64,65,,
TB17_2084,b125 x  b044,Bradford,7/21/2017,7/23/2017,66,68,,
TB17_2085,b055 x  B73,Bradford,7/18/2017,7/21/2017,63,66,,
TB17_2086,b189 x  b049,Bradford,7/24/2017,7/23/2017,69,68,,
TB17_2087,b144 x  b065,Bradford,7/17/2017,7/17/2017,62,62,,
TB17_2088,b154 x  b144,Bradford,7/19/2017,7/21/2017,64,66,,
TB17_2089,b175x  b040,Bradford,7/18/2017,7/18/2017,63,63,,
TB17_2090,b125 x  b078,Bradford,7/18/2017,7/19/2017,63,64,,
TB17_2091,b107 x  b044,Bradford,7/22/2017,7/23/2017,67,68,,
TB17_2092,b175 x  b154,Bradford,7/24/2017,7/25/2017,69,70,,
TB17_2093,b065 x  b044,Bradford,7/20/2017,7/21/2017,65,66,,
TB17_2094,b136 x  b055,Bradford,7/20/2017,7/21/2017,65,66,,
TB17_2095,b144 x  b102,Bradford,7/20/2017,7/21/2017,65,66,,
TB17_2096,b131x  b015,Bradford,7/21/2017,7/22/2017,66,67,,
TB17_2097,b125x  b040,Bradford,7/22/2017,7/22/2017,67,67,,
TB17_2098,b057 x  b044,Bradford,7/20/2017,7/21/2017,65,66,,
TB17_2099,b102x  b040,Bradford,7/18/2017,7/18/2017,63,63,,
TB17_2100,b169 x  b049,Bradford,7/24/2017,7/24/2017,69,69,,
TB17_2101,b078 x  b057,Bradford,7/20/2017,7/21/2017,65,66,,
TB17_2102,b144 x  b125,Bradford,7/17/2017,7/19/2017,62,64,,
TB17_2103,PHZ51,Bradford,NA,NA,NA,NA,,
TB17_2104,b015 x b044,Bradford,7/20/2017,7/20/2017,65,65,,
TB17_2105,b169x  b015,Bradford,7/19/2017,7/21/2017,64,66,,
TB17_2106,b131x  b040,Bradford,7/19/2017,7/20/2017,64,65,,
TB17_2107,b169 x  b044,Bradford,7/22/2017,7/21/2017,67,66,,
TB17_2108,b049 x  b044,Bradford,7/22/2017,7/23/2017,67,68,,
TB17_2109,b175 x  b169,Bradford,7/20/2017,7/21/2017,65,66,,
TB17_2110,b154 x  b125,Bradford,7/19/2017,7/21/2017,64,66,,
TB17_2111,b040x  b004,Bradford,7/24/2017,7/24/2017,69,69,,
TB17_2112,b131 x  b107,Bradford,7/22/2017,7/19/2017,67,64,,
TB17_2113,b111 x  b065,Bradford,NA,NA,NA,NA,,
TB17_2114,b125 x  b049,Bradford,7/21/2017,7/21/2017,66,66,,
TB17_2115,b125x  B73,Bradford,7/19/2017,7/21/2017,64,66,,
TB17_2116,PHZ51,Bradford,NA,NA,NA,NA,,
TB17_2117,b189 x  b169,Bradford,7/21/2017,7/21/2017,66,66,,
TB17_2118,b078 x  b065,Bradford,7/17/2017,7/17/2017,62,62,,
TB17_2119,b131x  B73,Bradford,7/20/2017,7/21/2017,65,66,,
TB17_2120,b154 x  b107,Bradford,7/18/2017,7/19/2017,63,64,,
TB17_2121,b175x  b015,Bradford,7/17/2017,7/17/2017,62,62,,
TB17_2122,b189 x  b044,Bradford,7/21/2017,7/22/2017,66,67,,
TB17_2123,B73v4,Bradford,7/17/2017,7/17/2017,62,62,,
TB17_2124,b078x  B73,Bradford,7/22/2017,7/23/2017,67,68,,
TB17_2125,b154 x  b078,Bradford,7/20/2017,7/20/2017,65,65,,
TB17_2126,b111 x  b078,Bradford,7/20/2017,7/21/2017,65,66,,
TB17_2127,b144 x  b136,Bradford,7/17/2017,7/17/2017,62,62,,
TB17_2128,b040x  B73,Bradford,7/19/2017,7/20/2017,64,65,,
TB17_2129,b111x  b004,Bradford,NA,NA,NA,NA,,
TB17_2130,b107 x  b049,Bradford,7/23/2017,7/23/2017,68,68,,
TB17_2131,b107 x  b055,Bradford,7/22/2017,7/22/2017,67,67,,
TB17_2132,b154x  b015,Bradford,7/22/2017,7/23/2017,67,68,,
TB17_2133,b169x  B73,Bradford,7/22/2017,7/22/2017,67,67,,
TB17_2134,b111 x  b055,Bradford,NA,NA,NA,NA,,
TB17_2135,b107x  b004,Bradford,7/21/2017,7/21/2017,66,66,,
TB17_2136,b055x  b015,Bradford,7/19/2017,7/19/2017,64,64,,
TB17_2137,b111 x  b049,Bradford,7/22/2017,7/23/2017,67,68,,
TB17_2138,b065x  B73,Bradford,7/18/2017,7/18/2017,63,63,,
TB17_2139,b057 x  B73,Bradford,7/20/2017,7/23/2017,65,68,,
TB17_2140,b102 x  b057,Bradford,7/23/2017,7/23/2017,68,68,,
TB17_2141,b154 x  b057,Bradford,7/20/2017,7/20/2017,65,65,,
TB17_2142,b169 x  b065,Bradford,7/20/2017,7/20/2017,65,65,,
TB17_2143,b136x  b040,Bradford,7/18/2017,7/18/2017,63,63,,
TB17_2144,b078 x  b049,Bradford,7/20/2017,7/21/2017,65,66,,
TB17_2145,b154x  b004,Bradford,7/20/2017,7/20/2017,65,65,,
TB17_2146,b144x  B73,Bradford,7/19/2017,7/20/2017,64,65,,
TB17_2147,B73v4,Bradford,NA,NA,NA,NA,,
TB17_2148,b078x  b004,Bradford,7/24/2017,7/23/2017,69,68,,
TB17_2149,b125 x  b055,Bradford,7/20/2017,7/23/2017,65,68,,
TB17_2150,b102x  B73,Bradford,7/21/2017,7/21/2017,66,66,,
TB17_2151,b136 x  b125,Bradford,7/20/2017,7/20/2017,65,65,,
TB17_2152,b057 x  b055,Bradford,7/22/2017,7/23/2017,67,68,,
TB17_2153,b175 x  b111,Bradford,7/18/2017,7/19/2017,63,64,,
TB17_2154,b189 x  b078,Bradford,7/17/2017,7/17/2017,62,62,,
TB17_2155,b144 x  b107,Bradford,7/18/2017,7/18/2017,63,63,,
TB17_2156,b175 x  b057,Bradford,7/18/2017,7/18/2017,63,63,,
TB17_2157,b102x  b004,Bradford,7/19/2017,7/21/2017,64,66,,
TB17_2158,b065 x  b049,Bradford,7/18/2017,7/18/2017,63,63,,
TB17_2159,b015x  B73,Bradford,7/17/2017,7/19/2017,62,64,,
TB17_2160,b144 x  b044,Bradford,7/19/2017,7/19/2017,64,64,,
TB17_2161,b049x  b040,Bradford,7/22/2017,7/22/2017,67,67,,
TB17_2162,b055x  b040,Bradford,NA,NA,NA,NA,,
TB17_2163,b125 x  b102,Bradford,7/18/2017,7/19/2017,63,64,,
TB17_2164,b111x  B73,Bradford,7/18/2017,7/18/2017,63,63,,
TB17_2165,b131 x  b102,Bradford,7/21/2017,7/21/2017,66,66,,
TB17_2166,b131 x  b044,Bradford,7/21/2017,7/21/2017,66,66,,
TB17_2167,b154 x  b102,Bradford,7/20/2017,7/20/2017,65,65,,
TB17_2168,b111x  b040,Bradford,7/24/2017,7/24/2017,69,69,,
TB17_2169,b169x  b004,Bradford,7/20/2017,7/20/2017,65,65,,
TB17_2170,b057x  b015,Bradford,7/17/2017,7/16/2017,62,61,,
TB17_2171,b125 x  b111,Bradford,7/21/2017,7/22/2017,66,67,,
TB17_2172,b136x  b004,Bradford,7/19/2017,7/19/2017,64,64,,
TB17_2173,b111x  B73,Bradford,7/19/2017,7/20/2017,64,65,,
TB17_2174,b154 x  b136,Bradford,7/17/2017,7/17/2017,62,62,,
TB17_2175,b154 x  b065,Bradford,7/17/2017,7/16/2017,62,61,,
TB17_2176,b189x  b015,Bradford,7/17/2017,7/20/2017,62,65,,
TB17_2177,b102x  b015,Bradford,7/17/2017,7/17/2017,62,62,,
TB17_2178,b189x  b040,Bradford,7/17/2017,7/17/2017,62,62,,
TB17_2179,b154x  b040,Bradford,NA,NA,NA,NA,,
TB17_2180,b125 x  b065,Bradford,7/20/2017,7/21/2017,65,66,,
TB17_2181,b175 x  b131,Bradford,7/17/2017,7/17/2017,62,62,,
TB17_2182,b078x  b015,Bradford,7/17/2017,7/17/2017,62,62,,
TB17_2183,b125x  B73,Bradford,7/18/2017,7/19/2017,63,64,,
TB17_2184,b102 x  b078,Bradford,7/19/2017,7/19/2017,64,64,,
TB17_2185,b169 x  b057,Bradford,7/20/2017,7/21/2017,65,66,,
TB17_2186,b102 x  b055,Bradford,7/18/2017,7/19/2017,63,64,,
TB17_2187,b102 x  b044,Bradford,7/19/2017,7/20/2017,64,65,,
TB17_2188,b169 x  b055,Bradford,7/23/2017,7/24/2017,68,69,,
TB17_2189,b004x  B73,Bradford,7/21/2017,7/24/2017,66,69,,
TB17_2190,b057x  b040,Bradford,7/19/2017,7/21/2017,64,66,,
TB17_2191,b175 x  b136,Bradford,7/17/2017,7/17/2017,62,62,,
TB17_2192,b144x  B73,Bradford,7/23/2017,7/24/2017,68,69,,
TB17_2193,b057 x  B73,Bradford,7/19/2017,7/21/2017,64,66,,
TB17_2194,b144x  b040,Bradford,NA,NA,NA,NA,,
TB17_2195,b040x  b015,Bradford,NA,NA,NA,NA,,
TB17_2196,b175 x  b078,Bradford,7/19/2017,7/20/2017,64,65,,
TB17_2197,b040x  B73,Bradford,NA,NA,NA,NA,,
TB17_2198,b055 x  B73,Bradford,7/19/2017,7/20/2017,64,65,,
TB17_2199,b154 x  b055,Bradford,7/18/2017,7/19/2017,63,64,,
TB17_2200,b111 x  b057,Bradford,NA,NA,NA,NA,,
TB17_2201,b131 x  b057,Bradford,7/19/2017,7/19/2017,64,64,,
TB17_2202,b065x  b004,Bradford,7/20/2017,7/20/2017,65,65,,
TB17_2203,b107x  B73,Bradford,7/19/2017,7/18/2017,64,63,,
TB17_2204,b175 x  b065,Bradford,7/20/2017,7/21/2017,65,66,,
TB17_2205,b144x  b004,Bradford,7/21/2017,7/21/2017,66,66,,
TB17_2206,b125 x  b107,Bradford,7/20/2017,7/21/2017,65,66,,
TB17_2207,b057x  b004,Bradford,7/18/2017,7/20/2017,63,65,,
TB17_2208,b154 x  B73,Bradford,7/19/2017,7/19/2017,64,64,,
TB17_2209,b107 x  b065,Bradford,7/20/2017,7/19/2017,65,64,,
TB17_2210,b049x  B73,Bradford,7/20/2017,7/20/2017,65,65,,
TB17_2211,b015x  b004,Bradford,7/17/2017,7/18/2017,62,63,,
TB17_2212,b102x  B73,Bradford,7/20/2017,7/21/2017,65,66,,
TB17_2213,b136 x  b102,Bradford,7/20/2017,7/20/2017,65,65,,
TB17_2214,b154 x  b131,Bradford,7/18/2017,7/19/2017,63,64,,
TB17_2215,b125x  b004,Bradford,7/18/2017,7/19/2017,63,64,,
TB17_2216,b189 x  b175,Bradford,7/17/2017,7/17/2017,62,62,,
TB17_2217,b189x  b004,Bradford,7/18/2017,7/19/2017,63,64,,
TB17_2218,b136x  b015,Bradford,7/17/2017,7/18/2017,62,63,,
TB17_2219,b078x  B73,Bradford,7/18/2017,7/19/2017,63,64,,
TB17_2220,b144 x  b111,Bradford,7/17/2017,7/19/2017,62,64,,
TB17_2221,b015x  b004,Bradford,7/17/2017,7/18/2017,62,63,,
TB17_2222,b111 x  b078,Bradford,7/18/2017,7/20/2017,63,65,,
TB17_2223,b057 x  b055,Bradford,7/22/2017,7/23/2017,67,68,,
TB17_2224,b131x  b015,Bradford,7/18/2017,7/18/2017,63,63,,
TB17_2225,b169 x  b102,Bradford,7/20/2017,7/20/2017,65,65,,
TB17_2226,b154 x  b125,Bradford,7/17/2017,7/19/2017,62,64,,
TB17_2227,b154 x  b044,Bradford,7/20/2017,7/20/2017,65,65,,
TB17_2228,b055x  b004,Bradford,7/20/2017,7/20/2017,65,65,,
TB17_2229,b078 x  b065,Bradford,7/17/2017,7/17/2017,62,62,,
TB17_2230,b065x  B73,Bradford,7/20/2017,7/20/2017,65,65,,
TB17_2231,b189 x  b049,Bradford,7/20/2017,7/21/2017,65,66,,
TB17_2232,b144x  b015,Bradford,7/18/2017,7/18/2017,63,63,,
TB17_2233,b107x  b040,Bradford,7/18/2017,7/19/2017,63,64,,
TB17_2234,PHZ51,Bradford,NA,NA,NA,NA,,
TB17_2235,b125 x  b065,Bradford,7/17/2017,7/17/2017,62,62,,
TB17_2236,b065 x  b044,Bradford,7/20/2017,7/20/2017,65,65,,
TB17_2237,b144 x  b111,Bradford,7/19/2017,7/20/2017,64,65,,
TB17_2238,b175 x  b102,Bradford,NA,7/19/2017,NA,64,,
TB17_2239,b107 x  b102,Bradford,7/23/2017,7/23/2017,68,68,,
TB17_2240,b136 x  b111,Bradford,7/22/2017,7/23/2017,67,68,,
TB17_2241,PHZ51,Bradford,NA,NA,NA,NA,,
TB17_2242,b078x  B73,Bradford,7/21/2017,7/21/2017,66,66,,
TB17_2243,b175 x  b111,Bradford,7/17/2017,7/18/2017,62,63,,
TB17_2244,b107x  b015,Bradford,7/18/2017,7/19/2017,63,64,,
TB17_2245,b136 x  b125,Bradford,7/18/2017,7/19/2017,63,64,,
TB17_2246,b078 x  b049,Bradford,7/20/2017,7/20/2017,65,65,,
TB17_2247,b107 x  b057,Bradford,7/18/2017,7/19/2017,63,64,,
TB17_2248,b049x  B73,Bradford,NA,NA,NA,NA,,
TB17_2249,b111x  b015,Bradford,7/22/2017,7/23/2017,67,68,,
TB17_2250,b154x  b015,Bradford,7/18/2017,7/17/2017,63,62,,
TB17_2251,b189 x  b125,Bradford,7/18/2017,7/20/2017,63,65,,
TB17_2252,b169x  b004,Bradford,7/22/2017,7/22/2017,67,67,,
TB17_2253,b049x  b015,Bradford,7/18/2017,7/20/2017,63,65,,
TB17_2254,b107 x  b049,Bradford,NA,NA,NA,NA,,
TB17_2255,b102x  b004,Bradford,7/20/2017,7/20/2017,65,65,,
TB17_2256,b169 x  b154,Bradford,7/20/2017,7/21/2017,65,66,,
TB17_2257,b175 x  b169,Bradford,7/20/2017,7/22/2017,65,67,,
TB17_2258,b154 x  b131,Bradford,7/19/2017,7/20/2017,64,65,,
TB17_2259,b131x  b040,Bradford,NA,NA,NA,NA,,
TB17_2260,b189 x  b131,Bradford,7/18/2017,7/19/2017,63,64,,
TB17_2261,b189 x  b111,Bradford,7/18/2017,7/20/2017,63,65,,
TB17_2262,b154 x  b107,Bradford,7/22/2017,7/22/2017,67,67,,
TB17_2263,b175 x  b065,Bradford,7/17/2017,7/17/2017,62,62,,
TB17_2264,b175 x  b136,Bradford,7/17/2017,7/17/2017,62,62,,
TB17_2265,b189 x  b169,Bradford,NA,NA,NA,NA,,
TB17_2266,b065 x  b055,Bradford,7/24/2017,7/24/2017,69,69,,
TB17_2267,b102x  b015,Bradford,7/17/2017,7/19/2017,62,64,,
TB17_2268,b102 x  b078,Bradford,7/18/2017,7/19/2017,63,64,,
TB17_2269,b131 x  b107,Bradford,7/21/2017,7/22/2017,66,67,,
TB17_2270,b169 x  b111,Bradford,7/19/2017,7/20/2017,64,65,,
TB17_2271,b125 x  b078,Bradford,7/17/2017,7/17/2017,62,62,,
TB17_2272,b107 x  b055,Bradford,7/17/2017,7/17/2017,62,62,,
TB17_2273,b107 x  b044,Bradford,7/18/2017,7/19/2017,63,64,,
TB17_2274,b154 x  b078,Bradford,7/18/2017,7/19/2017,63,64,,
TB17_2275,b144x  B73,Bradford,7/20/2017,7/22/2017,65,67,,
TB17_2276,b065x  b015,Bradford,NA,NA,NA,NA,,
TB17_2277,b154 x  b065,Bradford,NA,7/20/2017,NA,65,,
TB17_2278,b131 x  b065,Bradford,7/18/2017,7/20/2017,63,65,,
TB17_2279,b144 x  b057,Bradford,7/18/2017,7/19/2017,63,64,,
TB17_2280,b154 x  b144,Bradford,7/17/2017,7/17/2017,62,62,,
TB17_2281,b102 x  b049,Bradford,7/20/2017,7/20/2017,65,65,,
TB17_2282,b125 x  b055,Bradford,7/18/2017,7/20/2017,63,65,,
TB17_2283,b175x  B73,Bradford,7/17/2017,7/17/2017,62,62,,
TB17_2284,b189x  b040,Bradford,7/20/2017,7/20/2017,65,65,,
TB17_2285,b057x  b040,Bradford,7/19/2017,7/21/2017,64,66,,
TB17_2286,b175 x  b078,Bradford,7/19/2017,7/19/2017,64,64,,
TB17_2287,b175x  b040,Bradford,7/17/2017,7/17/2017,62,62,,
TB17_2288,b154x  b040,Bradford,7/24/2017,7/25/2017,69,70,,
TB17_2289,b169x  b040,Bradford,7/19/2017,7/19/2017,64,64,,
TB17_2290,b189 x  b107,Bradford,7/18/2017,7/20/2017,63,65,,
TB17_2291,b144 x  b107,Bradford,7/18/2017,7/17/2017,63,62,,
TB17_2292,b189 x  B73,Bradford,NA,NA,NA,NA,,
TB17_2293,b055 x  b049,Bradford,7/20/2017,7/21/2017,65,66,,
TB17_2294,b111 x  b044,Bradford,7/21/2017,7/21/2017,66,66,,
TB17_2295,b107 x  b065,Bradford,NA,NA,NA,NA,,
TB17_2296,b107x  B73,Bradford,7/20/2017,7/22/2017,65,67,,
TB17_2297,b004x  B73,Bradford,7/19/2017,7/19/2017,64,64,,
TB17_2298,b065 x  b049,Bradford,7/17/2017,7/18/2017,62,63,,
TB17_2299,b125 x  b107,Bradford,7/18/2017,7/18/2017,63,63,,
TB17_2300,b175 x  b131,Bradford,7/18/2017,7/17/2017,63,62,,
TB17_2301,b169 x  b049,Bradford,7/24/2017,7/22/2017,69,67,,
TB17_2302,b175 x  b144,Bradford,7/17/2017,7/17/2017,62,62,,
TB17_2303,b111 x  b065,Bradford,NA,NA,NA,NA,,
TB17_2304,b065x  b004,Bradford,7/22/2017,7/22/2017,67,67,,
TB17_2305,b154 x  b057,Bradford,7/18/2017,7/19/2017,63,64,,
TB17_2306,b055 x  B73,Bradford,7/18/2017,7/19/2017,63,64,,
TB17_2307,b144x  b040,Bradford,7/17/2017,7/18/2017,62,63,,
TB17_2308,b175 x  b125,Bradford,NA,7/17/2017,NA,62,,
TB17_2309,b136x  b004,Bradford,7/18/2017,7/18/2017,63,63,,
TB17_2310,b136x  b040,Bradford,7/17/2017,7/17/2017,62,62,,
TB17_2311,PHZ51,Bradford,NA,NA,NA,NA,,
TB17_2312,b125x  b040,Bradford,7/22/2017,7/23/2017,67,68,,
TB17_2313,b175x  B73,Bradford,7/19/2017,7/20/2017,64,65,,
TB17_2314,B73v4,Bradford,7/22/2017,7/21/2017,67,66,,
TB17_2315,b078 x  b057,Bradford,7/17/2017,7/17/2017,62,62,,
TB17_2316,b169 x  b065,Bradford,7/19/2017,7/20/2017,64,65,,
TB17_2317,b169 x  b044,Bradford,7/22/2017,7/22/2017,67,67,,
TB17_2318,b065 x  b057,Bradford,7/20/2017,7/21/2017,65,66,,
TB17_2319,b057 x  B73,Bradford,7/18/2017,7/19/2017,63,64,,
TB17_2320,b102 x  b057,Bradford,7/18/2017,7/19/2017,63,64,,
TB17_2321,b040x  B73,Bradford,NA,NA,NA,NA,,
TB17_2322,PHZ51,Bradford,NA,NA,NA,NA,,
TB17_2323,b169x  b015,Bradford,7/19/2017,7/21/2017,64,66,,
TB17_2324,b144x  B73,Bradford,7/18/2017,7/20/2017,63,65,,
TB17_2325,b040x  b004,Bradford,7/25/2017,7/25/2017,70,70,,
TB17_2326,b111 x  b102,Bradford,7/18/2017,7/20/2017,63,65,,
TB17_2327,b144 x  b044,Bradford,7/18/2017,7/19/2017,63,64,,
TB17_2328,PHZ51,Bradford,NA,NA,NA,NA,,
TB17_2329,b189 x  b044,Bradford,7/18/2017,7/19/2017,63,64,,
TB17_2330,b107x  B73,Bradford,7/19/2017,7/20/2017,64,65,,
TB17_2331,PHZ51,Bradford,NA,NA,NA,NA,,
TB17_2332,PHZ51,Bradford,NA,NA,NA,NA,,
TB17_2333,b015 x b044,Bradford,7/17/2017,7/19/2017,62,64,,
TB17_2334,b111x  B73,Bradford,7/20/2017,7/21/2017,65,66,,
TB17_2335,b169x  B73,Bradford,7/20/2017,7/21/2017,65,66,,
TB17_2336,b131 x  b078,Bradford,7/17/2017,7/17/2017,62,62,,
TB17_2337,b131 x  b102,Bradford,7/18/2017,7/17/2017,63,62,,
TB17_2338,b055 x  B73,Bradford,7/18/2017,7/19/2017,63,64,,
TB17_2339,b125 x  b049,Bradford,NA,NA,NA,NA,,
TB17_2340,b125x  b004,Bradford,7/20/2017,7/23/2017,65,68,,
TB17_2341,PHZ51,Bradford,NA,NA,NA,NA,,
TB17_2342,b175 x  b044,Bradford,7/20/2017,7/22/2017,65,67,,
TB17_2343,b144 x  b102,Bradford,7/19/2017,7/19/2017,64,64,,
TB17_2344,b111x  b040,Bradford,NA,NA,NA,NA,,
TB17_2345,b189 x  b136,Bradford,7/17/2017,7/17/2017,62,62,,
TB17_2346,b189 x  b102,Bradford,7/18/2017,7/19/2017,63,64,,
TB17_2347,b169 x  b125,Bradford,7/20/2017,7/20/2017,65,65,,
TB17_2348,b055 x  b044,Bradford,7/21/2017,7/21/2017,66,66,,
TB17_2349,b102 x  b044,Bradford,7/22/2017,7/21/2017,67,66,,
TB17_2350,b154 x  b111,Bradford,7/19/2017,7/20/2017,64,65,,
TB17_2351,b102x  B73,Bradford,7/20/2017,7/21/2017,65,66,,
TB17_2352,b144 x  b131,Bradford,7/22/2017,7/22/2017,67,67,,
TB17_2353,b175 x  b057,Bradford,7/18/2017,7/20/2017,63,65,,
TB17_2354,b125 x  b111,Bradford,7/22/2017,7/23/2017,67,68,,
TB17_2355,b169 x  b057,Bradford,7/18/2017,7/19/2017,63,64,,
TB17_2356,b057x  b004,Bradford,7/18/2017,7/21/2017,63,66,,
TB17_2357,b131x  B73,Bradford,7/18/2017,7/19/2017,63,64,,
TB17_2358,b125x  B73,Bradford,7/18/2017,7/20/2017,63,65,,
TB17_2359,b111x  B73,Bradford,7/19/2017,7/20/2017,64,65,,
TB17_2360,b111 x  b049,Bradford,7/18/2017,7/19/2017,63,64,,
TB17_2361,b136x  b015,Bradford,7/24/2017,7/25/2017,69,70,,
TB17_2362,b125x  b015,Bradford,7/18/2017,7/19/2017,63,64,,
TB17_2363,b189 x  b057,Bradford,7/20/2017,7/21/2017,65,66,,
TB17_2364,b169 x  b131,Bradford,7/20/2017,7/19/2017,65,64,,
TB17_2365,b175x  b004,Bradford,7/18/2017,7/18/2017,63,63,,
TB17_2366,b131 x  b055,Bradford,7/17/2017,7/19/2017,62,64,,
TB17_2367,b169x  B73,Bradford,7/19/2017,7/19/2017,64,64,,
TB17_2368,b102 x  b055,Bradford,7/18/2017,7/20/2017,63,65,,
TB17_2369,b144 x  b055,Bradford,7/19/2017,7/21/2017,64,66,,
TB17_2370,b189 x  b065,Bradford,7/18/2017,7/20/2017,63,65,,
TB17_2371,B73v4,Bradford,7/18/2017,7/19/2017,63,64,,
TB17_2372,b125 x  b044,Bradford,7/20/2017,7/20/2017,65,65,,
TB17_2373,b057x  b015,Bradford,7/18/2017,7/19/2017,63,64,,
TB17_2374,b102 x  b065,Bradford,7/17/2017,7/17/2017,62,62,,
TB17_2375,b049x  b040,Bradford,7/18/2017,7/20/2017,63,65,,
TB17_2376,b175 x  b107,Bradford,7/18/2017,7/18/2017,63,63,,
TB17_2377,b136 x  b065,Bradford,7/19/2017,7/19/2017,64,64,,
TB17_2378,b131x  B73,Bradford,7/18/2017,7/18/2017,63,63,,
TB17_2379,b111 x  b107,Bradford,7/20/2017,7/20/2017,65,65,,
TB17_2380,b004x  B73,Bradford,7/20/2017,7/22/2017,65,67,,
TB17_2381,b102x  B73,Bradford,7/20/2017,7/22/2017,65,67,,
TB17_2382,b154 x  b049,Bradford,7/18/2017,7/20/2017,63,65,,
TB17_2383,b144x  b004,Bradford,7/17/2017,7/17/2017,62,62,,
TB17_2384,b189x  b004,Bradford,7/17/2017,7/19/2017,62,64,,
TB17_2385,b111x  b004,Bradford,NA,NA,NA,NA,,
TB17_2386,b107 x  b078,Bradford,7/20/2017,7/20/2017,65,65,,
TB17_2387,b131 x  b049,Bradford,7/18/2017,7/18/2017,63,63,,
TB17_2388,b055x  b040,Bradford,7/18/2017,7/19/2017,63,64,,
TB17_2389,B73v4,Bradford,7/18/2017,7/19/2017,63,64,,
TB17_2390,b154 x  b055,Bradford,7/18/2017,7/19/2017,63,64,,
TB17_2391,B73v4,Bradford,7/19/2017,7/20/2017,64,65,,
TB17_2392,b057 x  b049,Bradford,7/19/2017,7/20/2017,64,65,,
TB17_2393,b131 x  b125,Bradford,7/18/2017,7/19/2017,63,64,,
TB17_2394,b189 x  b078,Bradford,7/17/2017,7/19/2017,62,64,,
TB17_2395,b040x  B73,Bradford,7/19/2017,7/19/2017,64,64,,
TB17_2396,b102x  b040,Bradford,7/18/2017,7/18/2017,63,63,,
TB17_2397,b125 x  b102,Bradford,7/21/2017,7/23/2017,66,68,,
TB17_2398,b189 x  b154,Bradford,NA,NA,NA,NA,,
TB17_2399,b154 x  b102,Bradford,7/20/2017,7/20/2017,65,65,,
TB17_2400,b144 x  b136,Bradford,7/19/2017,7/23/2017,64,68,,
TB17_2401,b136 x  b102,Bradford,7/20/2017,7/20/2017,65,65,,
TB17_2402,b107x  b004,Bradford,7/18/2017,7/19/2017,63,64,,
TB17_2403,b189 x  b175,Bradford,7/18/2017,7/18/2017,63,63,,
TB17_2404,b144 x  b125,Bradford,7/18/2017,7/18/2017,63,63,,
TB17_2405,b057 x  B73,Bradford,7/20/2017,7/23/2017,65,68,,
TB17_2406,b175 x  b154,Bradford,7/18/2017,7/18/2017,63,63,,
TB17_2407,b065x  b040,Bradford,7/17/2017,7/17/2017,62,62,,
TB17_2408,b136 x  b055,Bradford,7/18/2017,7/18/2017,63,63,,
TB17_2409,b144 x  b065,Bradford,7/18/2017,7/18/2017,63,63,,
TB17_2410,PHZ51,Bradford,NA,NA,NA,NA,,
TB17_2411,b049x  B73,Bradford,7/20/2017,7/20/2017,65,65,,
TB17_2412,b131 x  b044,Bradford,7/20/2017,7/21/2017,65,66,,
TB17_2413,b044x  b004,Bradford,7/22/2017,7/22/2017,67,67,,
TB17_2414,b125x  B73,Bradford,7/19/2017,7/21/2017,64,66,,
TB17_2415,b078x  b015,Bradford,7/17/2017,7/20/2017,62,65,,
TB17_2416,b015x  B73,Bradford,7/22/2017,7/21/2017,67,66,,
TB17_2417,b111 x  b057,Bradford,7/20/2017,7/23/2017,65,68,,
TB17_2418,b154 x  b136,Bradford,7/18/2017,7/20/2017,63,65,,
TB17_2419,b189 x  b144,Bradford,7/23/2017,7/24/2017,68,69,,
TB17_2420,b136x  B73,Bradford,7/18/2017,7/18/2017,63,63,,
TB17_2421,b125 x  b057,Bradford,7/19/2017,7/23/2017,64,68,,
TB17_2422,b154 x  B73,Bradford,7/19/2017,7/19/2017,64,64,,
TB17_2423,b175 x  b055,Bradford,7/17/2017,7/17/2017,62,62,,
TB17_2424,b154x  b004,Bradford,NA,NA,NA,NA,,
TB17_2425,b131 x  b111,Bradford,7/21/2017,7/22/2017,66,67,,
TB17_2426,b154 x  B73,Bradford,7/20/2017,7/21/2017,65,66,,
TB17_2427,b131 x  b057,Bradford,7/18/2017,7/18/2017,63,63,,
TB17_2428,b015x  B73,Bradford,7/18/2017,7/19/2017,63,64,,
TB17_2429,b111 x  b055,Bradford,7/22/2017,7/21/2017,67,66,,
TB17_2430,b189 x  b055,Bradford,7/18/2017,7/20/2017,63,65,,
TB17_2431,b131x  b004,Bradford,7/20/2017,7/18/2017,65,63,,
TB17_2432,b049x  b004,Bradford,NA,NA,NA,NA,,
TB17_2433,b057 x  b044,Bradford,7/22/2017,7/23/2017,67,68,,
TB17_2434,b175x  b015,Bradford,7/17/2017,7/17/2017,62,62,,
TB17_2435,b169 x  b055,Bradford,7/19/2017,7/20/2017,64,65,,
TB17_2436,b136 x  b044,Bradford,7/18/2017,7/20/2017,63,65,,
TB17_2437,b189x  b015,Bradford,7/22/2017,7/21/2017,67,66,,
TB17_2438,b169 x  b107,Bradford,7/18/2017,7/19/2017,63,64,,
TB17_2439,b040x  b015,Bradford,7/18/2017,7/19/2017,63,64,,
TB17_2440,b055x  b015,Bradford,NA,NA,NA,NA,,
